id,subseccion,idea,citas,veredicto,pagina_traza,tipo_problema,accion,idea_real_fuente,evidencia_textual,notas
DIS-DET-01,Deteccion molecular,"El ARN viral en aguas residuales acompano la circulacion comunitaria aun con vigilancia clinica limitada",Ahmed_2020;Medema_2020,PARCIAL,Ahmed p.5,matiz_no_explicito,corregir,"Ahmed confirma deteccion y estimacion coherente con clinica; NO dice 'vigilancia clinica limitada'. Medema sin PDF.","""the estimated range of infected individuals...was in reasonable agreement with clinical observations"" (ahmed-2020, p.5)","'aun con vigilancia clinica limitada' es extrapolacion; Medema SIN_FUENTE."
DIS-DET-02,Deteccion molecular,"Esquema multipatogeno en sitio centinela: ventaja con recursos limitados",Parkins_2023;Bubba_2023,OK,Parkins p.39-40; Bubba abstract,,mantener,,"""WBS is inexpensive, flexible, and provides a population-based tool"" (bubba/microorganisms-11-02496, abstract)","OK."
DIS-CQ-01,Cq y secuenciacion,"Muestras con Cq tardios menos eficientes para secuenciacion en PTAR Quitumbe",MejiaCalle_2024,OK,p.45,,mantener,,"""the remaining 11 had very late CT values, which prevented successful sequencing"" (00331348-MejiaCalle, p.45)","Antecedente local."
DIS-CQ-02,Cq y secuenciacion,"Cargas bajas y ARN fragmentado limitan la recuperacion genomica",Parkins_2023;Child_2023,PARCIAL,Parkins p.25-26,matiz,corregir,"'ARN fragmentado' NO explicito en Parkins; verificar en Child.","(pendiente cita literal de 'ARN fragmentado' en Child)","Sostener 'ARN fragmentado' con fuente que lo diga."
DIS-CQ-03,Cq y secuenciacion,"Dimeros entre cebadores = causa principal del sesgo de cobertura, se acentua a baja carga",Itokawa_2020,OK,p.1-3,,mantener,,"""dimer formations between some primers are the major cause of coverage bias in the multiplex PCR"" + ""as sample's viral load become low, rapid decrease in abundances of several amplicons"" (sars_cov/Itokawa, p.1-3)","Exacto."
DIS-CQ-04,Cq y secuenciacion,"El valor de Cq fija el umbral practico donde la secuenciacion deja de ser informativa",Ahmed_2020,PARCIAL,Crits p.3,atribucion_incorrecta,corregir,"El umbral (Cq<33) es de Crits_Christoph_2021, no de Ahmed.","""complete genomes...only recovered from samples with Ct < 33"" (crits-christoph-2021, p.3)","Reatribuir a Crits_Christoph_2021."
DIS-CQ-05,Cq y secuenciacion,"Dhaka: seleccion por Ct, cobertura 94.2-99.8% con Ct ORF1ab 28.8-32.1",Haque_2023,OK,p.1,,mantener,,"""ten samples with ORF1ab...cycle threshold (Ct) values ranging from 28.78 to 32.13 were subjected to whole genome sequencing using nanopore...coverage ranging from 94.2 to 99.8%"" (s40246-023-00505-4/Haque, p.1)","Cifras exactas."
DIS-LIN-01,Linajes SARS,"Clados 24A (JN.1/LZ.5/LU.2.1.1) y 24H (LF.7.1.3)",Islam_2025,SIN_FUENTE,-,fuente_sin_pdf,reemplazar,"Sin PDF; clados = Nextclade (propio) o via Bruno.","SIN PDF (Islam FALTA). Bruno: ""23I (JN.1), the latest dominant along 2024"" (bruno-2025, p.4)","No verificable en Islam."
DIS-LIN-02,Linajes SARS,"JN.1 domino a comienzos de 2025 y LP.8.1 ganaba frecuencia en las Americas",Islam_2025,SIN_FUENTE,-,fuente_sin_pdf,reemplazar,"Sin PDF.","SIN PDF (Islam FALTA)","No verificable."
DIS-LIN-03,Linajes SARS,"JN.1 en aguas de Quito reproduce el antecedente local (antes que en clinica)",MejiaCalle_2024,OK,p.52/57,,mantener,,"""the JN.1 lineage was first detected in wastewater, preceding its appearance in clinical samples"" (00331348-MejiaCalle, p.52)","Confirmado."
DIS-LIN-04,Linajes SARS,"La secuenciacion de aguas identifica variantes regionalmente prevalentes con cobertura suficiente",Crits_Christoph_2021,OK,p.1/3,,mantener,,"""Genome sequencing of sewage detects regionally prevalent SARS-CoV-2 variants"" (titulo); ""consensus genotypes identical to clinical genomes from the region"" (crits-christoph-2021, p.1/3)","Confirmado."
DIS-LIN-05,Linajes SARS,"Ecuador secuencio 12 619 genomas (2020-2024), 1.15% de casos",Bruno_2025,OK,p.4-5,,mantener,,"""For Ecuador, a total number of 12,619 was obtained for the period of January 1st 2020 to December 31st 2024"" (p.4); ""1.15% for Ecuador"" (bruno-2025, p.5)","Corregido en esta auditoria."
DIS-LIN-06,Linajes SARS,"Cayo a 744 en 2024, serie termina 2024 con JN.1 dominante, no cubre 2025",Bruno_2025,OK,p.4,matiz,mantener,,"""744 for 2024"" ; ""23I (JN.1) has been dominant along 2024"" (bruno-2025, p.4)","Dominancia a escala regional andina."
DIS-LIN-07,Linajes SARS,"La senal ambiental aporta registro genomico local donde falta referente clinico",Parkins_2023,OK,p.2,,mantener,,"""unique ability to monitor an entire population irrespective of...access clinical testing"" (parkins-2023, p.2)","Confirmado."
DIS-ENT-01,Enterovirus,"OMS espera NPEV en >=30% de muestras concentradas y 10% de trampas",OReilly_2020;Bubba_2023,PARCIAL,Bubba p.2,atribucion_incorrecta,corregir,"El desglose 30/10% es de Bubba; O'Reilly da rango global 10-30%.","Bubba: ""at least 30% of concentrated sewage from grab samples and at least 10% of traps should reveal NPEV"" (microorganisms-11-02496, p.2). O'Reilly: ""10-30% of samples should reveal non-polio enteroviruses"" (S2666524720301002, e189)","Reasignar la cifra a Bubba."
DIS-ENT-02,Enterovirus,"2 de 22 (9%), por debajo del 10%, refleja menor sensibilidad del muestreo pasivo",Rozanec_2026,OK,p.10,,mantener,,"""systems that use concentrated grab samples...more frequently detect polioviruses and NPEV than those using trap samples"" (microorganisms-14-00861/Rozanec, p.10)","El 2/22 es dato propio."
DIS-ENT-03,Enterovirus,"El esquema detecto enterovirus que la vigilancia de PFA no registra",Asghar_2014,OK,p.2,matiz_terminologia,mantener,,"""can assist in identifying residual...transmission...among those who are asymptomatically infected and not showing signs of paralysis"" (asghar-2014, p.2)","Asghar habla de poliovirus, no 'enterovirus' generico."
DIS-ENT-04,Enterovirus,"Ausencia de poliovirus concuerda con IPV en Ecuador y ausencia de circulacion",Zurbriggen_2008;Asghar_2014,NO,Zurbriggen abstract,contradiccion,reemplazar,"Zurbriggen (Suiza, IPV) SI aislo poliovirus. Contradice 'ausencia'.","Zurbriggen: ""20 out of 174 wastewater samples were positive...62 Sabin-like poliovirus isolates"" (zurbriggen-2008, abstract)","GRAVE. Quitar Zurbriggen de 'ausencia'; reubicar como ejemplo IPV+deteccion."
DIS-ENT-05,Enterovirus,"Canada 2022: VDPV2 99.4% VP1 vs caso de Nueva York, sin poliomielitis, excrecion por viajero",Seo_2025,PARCIAL,p.1/4,cifra_mal_atribuida,corregir,"99.4% es vs Londres; vs Nueva York fue 99.0%.","""99.0% identical in VP1 to the...New York case"" ; ""99.4%...to the London isolate"" (s41598-025-92912-x/Seo, p.1/4)","Corregir a 99.0% vs Nueva York."
DIS-ENT-06,Enterovirus,"Cultivo no rindio; PCR anidada + Nanopore recuperaron la secuencia",Seo_2025,OK,p.5,matiz_terminologia,mantener,,"""Culture isolation...were unsuccessful. Concurrently, PCR amplification directly from the wastewater specimen followed by sequencing...using Nanopore...resulted in successful sequencing"" (Seo, p.5)","Seo usa PCR DIRECTA, no anidada; ajustar termino."
DIS-ENT-07,Enterovirus,"La secuenciacion de VP1 diferencia cepas derivadas de vacuna de salvajes",Klapsa_2022,OK,p.1532,,mantener,,"""to distinguish vaccine-related from wild-type polioviruses...the gene coding for capsid VP1 protein is commonly used"" (PIIS0140673622018049/Klapsa, p.1532)","Confirmado."
DIS-RSV-01,RSV,"Genomas completos de RSV exigen cargas altas, cobertura >10 000 copias/mL",Le_2025,OK,p.1/4,,mantener,,"""whole genomes...obtained from 98% of samples with >10,000 copies/mL...none from samples with <1,000 copies/mL"" (s41598-025-20371-5/Le, abstract)","Umbral confirmado."
DIS-RSV-02,RSV,"RSV envuelto: recuperacion cae del 71% al 17% (ARN empaquetado vs desnudo)",ToribioAvedillo_2024,OK,p.1/5,matiz,mantener,,"""recovery efficiencies for...free...RSV RNA were...71%...in wastewater, whereas...in lentiviral particles were...17% in wastewater"" (S0048969724007757/Toribio, abstract/p.5)","Especifico de wastewater; surrogado lentiviral."
DIS-RSV-03,RSV,"RSV-A 32.6% vs RSV-B 2.4% en 8 plantas del sureste de Alemania; recuperacion depende de concentracion/extraccion",Geissler_2025,OK,p.1/4,,mantener,,"""32.6% (RSV-A) and 2.4% (RSV-B)"" ; ""virus enrichment and RNA extraction methods were found to be of relevance"" (s41598-025-13998-x/Geissler, abstract)","Cifras exactas."
DIS-RSV-04,RSV,"La asociacion RSV-aguas/comunidad proviene mas de cuantificacion que de secuenciacion",Hughes_2022,OK,p.1/6,,mantener,,"Hughes cuantifica RSV en solidos y correlaciona con positividad clinica (Kendall tau 0.65-0.77) (rsv-rna-settled-solids-reflects-positivity/Hughes, abstract)","Ejemplo via cuantificacion."
DIS-CONS-01,Conservacion,"El rendimiento del muestreo pasivo dependio de integridad del ARN y eficiencia de recuperacion",MejiaCalle_2024,OK,p.41/57/61,,mantener,,"""very late CT values...likely due to viral RNA fragmentation"" (p.41); dispositivo ""improves virus recovery"" (00331348-MejiaCalle, p.57/61)","Confirmado."
CON-RES-01,Resumen,"Clados 24A (JN.1/LZ.5/LU.2.1.1) y 24H (LF.7.1.3)",MejiaCalle_2024;Crits_Christoph_2021,VAGA,Crits abstract,cita_no_respalda_linajes,corregir,"Clados = salida Nextclade; citas no los contienen. Bruno menciona JN.1 dominante 2024.","Bruno: ""23I (JN.1), the latest dominant along 2024"" (bruno-2025, p.4). Crits/MejiaCalle NO contienen 24A/24H.","Reasignar: Nextclade (propio) + Bruno."
CON-RES-02,Resumen,"PCR anidada caracterizo Coxsackievirus A en dos muestras",Bubba_2023;Asghar_2014,OK,Bubba/Asghar,,mantener,,"Bubba documenta enterovirus/NPEV de interes en vigilancia ambiental (microorganisms-11-02496)","Deteccion = dato propio."
CON-RES-03,Resumen,"RSV: senal en 4 muestras, cobertura insuficiente para subgrupo",Le_2025;Hughes_2022,OK,Le p.1,,mantener,,"Le: genomas solo con >10,000 copias/mL (s41598-025-20371-5, abstract)","Baja carga impide subtipar."
CON-LIM-01,Limitaciones,"Cq altos -> cobertura insuficiente -> separa deteccion de caracterizacion",Parkins_2023;Child_2023,OK,Child p.1,,mantener,,"Child: la shotgun no dirigida es inadecuada a baja concentracion viral (child-et-al-2023, abstract)","Semana 10 = dato propio."
CON-LIM-02,Limitaciones,"Muestras retrospectivas (Shield 2X/PBS 1X) no rindieron secuencia -> degradacion",MejiaCalle_2024,PARCIAL,MejiaCalle,resultado_propio,mantener,"Buffers/fallo = dato propio; MejiaCalle da contexto.","(dato propio; MejiaCalle antecedente)","Dejar explicito como dato propio."
CON-LIM-03,Limitaciones,"Diseno temporal con escaso solapamiento; SARS no analizado sem 43-56",(sin cita),SIN_FUENTE,n/a,dato_propio,mantener,,"n/a (dato propio de diseno)","Correcto sin cita."
CON-LIM-04,Limitaciones,"Datos genomicos clinicos limitados de SARS en Ecuador restringieron la comparacion",Bruno_2025,PARCIAL,Bruno p.5,inferencia,corregir,"Bruno no dice 'limitados'; usar 12.619/1,15%.","Bruno: ""1.15% for Ecuador"" (bruno-2025, p.5) — no califica como 'limitado' textualmente","Usar el dato real en vez de la inferencia."
CON-LIM-05,Limitaciones,"22 muestras de un sitio; sesgos de paneles dirigidos afectan variantes de baja abundancia",Child_2023,PARCIAL,Child p.1,matiz,corregir,"Child respalda limite de metodos dirigidos, no textual el 'sesgo de baja abundancia'.","Child: metodos dirigidos limitados a los objetivos y requieren conocimiento previo del genoma (child-et-al-2023, abstract)","22/sitio = dato propio."
CON-LIM-06,Limitaciones,"Cebadores VP1 amplificaron VP4, no confirmaron serotipo",(sin cita),SIN_FUENTE,n/a,dato_propio,mantener,,"n/a (dato propio de laboratorio)","Correcto sin cita."
CON-IMP-01,Importancia,"3 virus con flujo comun confirma esquema multipatogeno y valor de la vigilancia ambiental",Bubba_2023;Asghar_2014;Parkins_2023,OK,Parkins p.2,,mantener,,"Parkins: WBS ""irrespective of...clinical testing"" (parkins-2023, p.2)","Bien soportado."
CON-IMP-02,Importancia,"Seleccionar por Cq y amplificar en PCR previa concentra el esfuerzo en muestras utiles",MejiaCalle_2024;Parkins_2023,OK,Parkins,,mantener,,"Parkins: RT-qPCR y secuenciacion por amplicon-tiling; carga condiciona exito (parkins-2023)","Coherente."
CON-IMP-03,Importancia,"Lectura corta o enriquecimiento podrian mejorar recuperacion a baja carga",Child_2023,OK,Child p.1,,mantener,,"Child: ""Hybrid-capture enrichment of shotgun libraries...led to significant increases in genome coverage"" (child-et-al-2023, abstract)","Respaldo directo."
CON-IMP-04,Importancia,"Mas muestras/replicas, integrar datos clinicos/repositorios, mantener VP1 fortalecen la vigilancia",Le_2025;Bruno_2025;Klapsa_2022,OK,Klapsa/Le/Bruno,,mantener,,"Klapsa: VP1 para poliovirus/VDPV (PIIS0140673622018049)","VP1->Klapsa correcto."
INTROA-ANT-01,Antecedentes,"WBE complementa la vigilancia clinica e integra senales de la comunidad conectada al alcantarillado",Sims_2020,OK,Sims p.1,,mantener,,"""WBE...has potential to act as a complementary approach for current infectious disease surveillance systems and an early warning system...through the analysis of population pooled wastewater...monitored comprehensively and in real-time"" (sims-2020, p.1)","OK."
INTROA-ANT-02,Antecedentes,"El ARN de SARS-CoV-2 en aguas refleja circulacion comunitaria aun con limitaciones/retrasos de la clinica",Ahmed_2020;Medema_2020,OK,Ahmed p.1,fuente_faltante,mantener,"Medema FALTA en repo; cubierto por co-cita Ahmed.","""the model estimated a median range of 171 to 1,090 infected persons...in reasonable agreement with clinical observations"" (ahmed-2020, p.1)","Medema SIN PDF; riesgo bajo."
INTROA-ANT-03,Antecedentes,"La secuenciacion paso de deteccion a vigilancia genomica (linajes, variantes, diversidad)",Crits_Christoph_2021,OK,Crits p.1,,mantener,,"""wastewater sequencing can provide evidence for recent introductions of viral lineages before they are detected by local clinical sequencing"" (crits-christoph-2021, p.1)","OK."
INTROA-ANT-04,Antecedentes,"Vigilancia ambiental de poliovirus complementa PFA y detecta circulacion silenciosa",Asghar_2014,OK,Asghar p.1-2,,mantener,,"""ES complements clinical acute flaccid paralysis (AFP) surveillance...can assist in identifying residual WPV transmission...among those who are asymptomatically infected and not showing clinical signs of paralysis"" (asghar-2014, p.1-2)","OK."
INTROA-ANT-05,Antecedentes,"El ARN de RSV se detecta en aguas y se relaciona con positividad clinica",Hughes_2022,OK,Hughes p.1,,mantener,,"""RSV genomic ribonucleic acid can be detected in wastewater settled solids...strongly associated (Kendall's tau = 0.65-0.77, p<10-7) with clinical positivity rates for RSV"" (hughes, p.1)","OK (incluye tau)."
INTROA-PRO-01,Problematica,"La vigilancia clinica: cobertura incompleta, pruebas limitadas, retrasos, sin registro de leves/asintomaticas",Bubba_2023;Parkins_2023,OK,Parkins p.2-3; Bubba p.2,atribucion_parcial,mantener,"Bubba respalda 'asintomaticas'; Parkins el resto. 'Retrasos' = inferencia razonable.","Bubba: ""particularly if the pathogens...circulate largely asymptomatically...unlikely to be noted in case-based testing"" (microorganisms-11-02496, p.2); Parkins: ""underestimates the true burden...given the limited availability of testing"" (p.3)","Co-cita valida."
INTROA-PRO-02,Problematica,"En COVID-19 los casos subestimaron la carga por pruebas limitadas y por la ola Omicron BA.1 que supero la capacidad diagnostica",Parkins_2023,OK,Parkins p.3,,mantener,,"""underestimates the true burden...the limited role of clinical testing later in the pandemic, particularly since the onset of the Omicron BA.1 wave, which spread so rapidly that it exceeded clinical testing capacity"" (parkins, p.3)","Textual exacto."
INTROA-PRO-03,Problematica,"WBS da vision representativa captando lo excretado con independencia de sintomas/atencion/diagnostico",Parkins_2023,OK,Parkins p.2,,mantener,,"""unique ability to monitor an entire population (irrespective of symptoms or the ability to access clinical testing) objectively, passively, and comprehensively"" (parkins, p.2)","OK."
INTROA-PRO-04,Problematica,"En LMIC: limitaciones de infraestructura, financiamiento, frecuencia de muestreo y vigilancia de variantes",Parkins_2023,OK,Parkins p.39,,mantener,,"""differences between LMIC and HIC programs generally relate to financial support, which limited the frequency...and precluded more advanced investigations such as those to detect and monitor emerging variants"" (parkins, p.39)","Los 4 ejes exactos."
INTROA-PRO-05,Problematica,"Tasa de ataque clinico del poliovirus virulento <=1 caso por 100 infecciones",Zurbriggen_2008,OK,Zurbriggen p.1,,mantener,,"""the low clinical attack rate following infection with virulent polioviruses (<=1:100 paralytic case/infections)"" (zurbriggen-2008, p.1)","Cifra exacta."
INTROA-PRO-06,Problematica,"2024: cVDPV2 en 5 paises europeos, cepas relacionadas, circulacion mas amplia",Bottcher_2025,OK,Bottcher p.1/6,,mantener,,"""In 2024, cVDPV2 was detected in wastewater samples in Finland, Germany, Poland, Spain and the United Kingdom. All strains were genetically linked...a broader geographic distribution...must be considered"" (eurosurv-30-3-1, p.1). IDEA NUEVA: ""ES is conducted in at least 23 of the 53 countries within the WHO European Region"" (p.6)","5 paises exactos."
INTROA-PRO-07,Problematica,"RSV: alta carga en vulnerables, clinica confundible; ARN en aguas acompana actividad clinica",Hughes_2022,OK,Hughes p.1,,mantener,,"""can become severe, particularly for infants and immunocompromised or elderly individuals""; ""Given the similarities in presentation between COVID-19 and RSV..."" (hughes, p.1)","OK."
INTROA-PRO-08,Problematica,"En Quitumbe: muestreo pasivo 24h semanal; N1/N2 en todas; Nanopore/Omicron; JN.1 en aguas antes que clinica",MejiaCalle_2024,OK,MejiaCalle p.34/49/52,,mantener,,"""immersed for 24 hours once a week...flow rate is 75 L/s""; ""N1 and N2 genes were detected in all samples""; ""JN.1 lineage was first detected in wastewater, preceding its appearance in clinical samples"" (00331348-MejiaCalle)","Todos los subclaims verificados."
INTROA-PRO-09,Problematica,"Sims situa la EBAR a escala comunitaria; Parkins la consolida tras la pandemia",Sims_2020;Parkins_2023,OK,Sims p.1; Parkins p.2,,mantener,,"Sims titulo: ""Monitoring infectious disease spread...to the community level"" (sims-2020); Parkins: ""state-of-the-art review of WBS as established with SARS-CoV-2...expanding its scope to other...targets"" (parkins, p.2)","OK."
INTROB-VBAR-01,Vigilancia basada en aguas residuales,"El punto de muestreo define qué grupo de la población está representado, el alcance de la vigilancia y el tipo de información para la toma de decisiones (L27).",Parkins_2023,OK,"Parkins p.5-6",,Ninguna,"La representatividad poblacional depende del punto de muestreo y del catchment.","""Achieving samples that are representative of the population under study requires an [adequate sampling design]"" ... ""can be separately assessed in large municipalities to provide granular data on the populations that comprise these sub-catchments"" (parkins-2023, p.5-6)","Concepto respaldado por la revisión; Parkins es fuente central y desarrolla el punto de muestreo/catchment."
INTROB-VBAR-02,Vigilancia basada en aguas residuales,"La vigilancia ambiental de poliovirus se incorporó como complemento de la vigilancia de parálisis flácida aguda porque detecta circulación viral aun cuando no se reportan casos paralíticos (L29).",Asghar_2014,OK,"Asghar p.1",,Ninguna,"La vigilancia ambiental complementa la vigilancia clínica de AFP detectando circulación en comunidades.","""ES complements clinical acute flaccid paralysis (AFP) surveillance for possible polio cases. ES detects poliovirus circulation in environmental sewage and is used to monitor transmission in communities"" (asghar-2014, p.1)","Coincidencia textual directa."
INTROB-VBAR-03,Vigilancia basada en aguas residuales,"El material viral es una parte diminuta frente al agua, sólidos, bacterias, inhibidores y ácidos nucleicos degradados; esa matriz ambiental compleja dificulta la detección y la secuenciación (L31).","Child_2023,Parkins_2023",OK,"Child (abstract/resultados); Parkins (workflow)",,Ninguna,"Las muestras dominadas por material bacteriano reducen la recuperación de genomas virales; la matriz requiere concentración y remoción de inhibidores.","""in order to increase the relative abundance of SARS-CoV-2 RNA ... and to remove and mitigate inhibitory substances"" (parkins-2023, p.~4)","Child_2023 documenta el predominio bacteriano frente a virus (verificado en otras secciones); afirmación estándar bien respaldada."
INTROB-VBAR-04,Vigilancia basada en aguas residuales,"El caudal, la dilución por lluvias o infiltración, los aportes industriales, el tamaño de la población conectada y los tiempos de residencia alteran la concentración aparente; la estabilidad del ARN y los inhibidores afectan la recuperación (L33).",Parkins_2023,OK,"Parkins p.~4",,Ninguna,"Factores extrínsecos (dilución, caudal) e intrínsecos (biomarcadores fecales) modulan la señal antes de compararla con datos clínicos.","""normalized to account for extrinsic factors (i.e., wastewater dilution and flow rates) and intrinsic factors (i.e., normalization for fecal biomarkers)"" ... ""dilution water (e.g., clean water discharges, rain and snow meltwater, and groundwater)"" y ""commercial, or industrial inputs"" (parkins-2023, p.~4)","Todos los factores citados figuran en la revisión."
INTROB-VBAR-05,Vigilancia basada en aguas residuales,"La normalización con PMMoV —virus de plantas que llega al intestino humano a través de los alimentos y se elimina en las heces— mejora la interpretación de las concentraciones virales (L33).",Hughes_2022,PARCIAL,"Hughes p.3",Sobreatribucion/definicion_no_en_fuente,"Reformular el paréntesis: Hughes describe PMMoV solo como marcador abundante en heces humanas usado como control de recuperación y fuerza fecal; NO afirma que sea un virus de plantas ingerido con los alimentos. Mover esa definición a una fuente que la sustente (p. ej. Kitajima/Rosario) o suprimir el inciso.","Hughes usa PMMoV como control interno de recuperación y de fuerza fecal, sin describir su origen vegetal ni su ruta dietética.","""PMMoV is highly abundant in human stool and wastewater globally and is used here as an internal recovery and fecal strength control for the wastewater samples"" (hughes-2022, p.3)","El uso de PMMoV como normalizador SÍ está en Hughes; la biología ""virus de plantas / a través de los alimentos"" NO aparece en la fuente citada."
INTROB-VBAR-06,Vigilancia basada en aguas residuales,"Los resultados de aguas residuales informan presencia, tendencias temporales y variaciones relativas en la población, sin estimar directamente el número de casos clínicos individuales (L33).",Parkins_2023,OK,"Parkins p.~4-6",,Ninguna,"Los datos de aguas residuales se interpretan como tendencias poblacionales, no como recuento de casos.","""theoretically allowing for trends to be analyzed quantitatively"" ... ""reflect accurate trends over time, comparing values between different wastewater [samples]"" (parkins-2023, p.~4-6)","Respaldado; la revisión enfatiza tendencias sobre conteo absoluto de casos."
INTROB-IMP-01,Importancia y aplicaciones,"La vigilancia basada en aguas residuales se formalizó en 2001 como una lectura no invasiva del estado de una comunidad (L37).",Subedi_2019,OK,"Subedi p.8 (PDF); cap. intro",,Ninguna,"La WBE fue propuesta en 2001 por Daughton como herramienta no intrusiva del uso comunitario a partir del alcantarillado.","""First proposed in 2001, WBE has been growing as a comprehensive, near real-time, cost-effective ... approach"" y ""using municipal sewage information as a nonintrusive tool for the determination of the community-level rates of drug consumption was introduced by Daughton in 2001"" (subedi-2019, p.8)","OK. El concepto original es para consumo de drogas; la tesis lo generaliza a ""estado de una comunidad"" (aceptable)."
INTROB-IMP-02,Importancia y aplicaciones,"El poliovirus se vigila en el alcantarillado de Israel desde 1989 (L37).",Subedi_2019,OK,"Subedi p.21 (PDF)",,Ninguna,"Poliovirus monitorizado en alcantarillado de Israel desde 1989.","""Poliovirus has been monitored in Israel using sewers since 1989"" (subedi-2019, p.21)","Coincidencia textual exacta (cifra 1989)."
INTROB-IMP-03,Importancia y aplicaciones,"Por esta vía se han detectado además enterovirus, norovirus, astrovirus, virus de la hepatitis y, más recientemente, el virus del Ébola (L37).",Subedi_2019,PARCIAL,"Subedi p.21 (PDF)",Cifra/termino_incorrecto,"Corregir ""enterovirus"" por ""parechovirus"" para respetar la lista de la fuente, o añadir cita adicional que respalde enterovirus. Los demás términos (norovirus, astrovirus, hepatitis, Ébola) son correctos.","La fuente enumera parechovirus (no enterovirus), norovirus, astrovirus, hepatitis y, muy recientemente, virus del Ébola.","""Other studies have detected viruses and pathogenic bacteria, including salmonella, coxiella, parechovirus, norovirus, astrovirus, hepatitis, and most recently Ebola virus"" (subedi-2019, p.21)","Discrepancia de término: la tesis dice ""enterovirus""; la fuente dice ""parechovirus"" (géneros distintos). El resto de la enumeración coincide."
INTROB-IMP-04,Importancia y aplicaciones,"Las aguas residuales concentran microorganismos excretados por personas conectadas al alcantarillado, incluidas las asintomáticas o que aún no han buscado atención, aportando una señal poblacional originada fuera del circuito clínico (L39).",Sims_2020,OK,"Sims p.~9",,Ninguna,"Las muestras clínicas cubren solo a la fracción enferma; muchos portadores son asintomáticos, por lo que la WBE aporta información de escala poblacional.","""results from clinics are often from a very small proportion of the population who are ill and hence not representative ... many people can be carriers of a disease ... and not experience symptoms (asymptomatic in case of diseases)"" ... ""WBE could aid in providing this population-wide information"" (sims-2020, p.~9)","Respaldado; el pasaje enmarca AMR pero enuncia el principio poblacional/asintomático de la WBE."
INTROB-IMP-05,Importancia y aplicaciones,"Esta propiedad se aplica a agentes de excreción fecal (enterovirus) y se ha extendido a virus respiratorios cuyo material genético llega al alcantarillado (L39).",Parkins_2023,OK,"Parkins (panel respiratorio)",,Ninguna,"La vigilancia por aguas residuales se extendió a virus respiratorios (influenza, RSV, coronavirus).","""panel (132 viruses) revealed trends for influenza, RSV, and coronaviruses that confirmed [clinical patterns]"" (parkins-2023, p.~ sección de aplicaciones)","OK; Parkins documenta la extensión a respiratorios."
INTROB-IMP-06,Importancia y aplicaciones,"En Australia, Ahmed et al. confirmaron que el ARN viral es detectable en aguas residuales aún no tratadas (L41).",Ahmed_2020,OK,"Ahmed p.1-2",,Ninguna,"Primera detección confirmada de SARS-CoV-2 en aguas residuales no tratadas en Australia.","""First confirmed detection of SARS-CoV-2 in untreated wastewater in Australia: A proof of concept for the wastewater surveillance of COVID-[19]"" (ahmed-2020, p.1-2)","Coincidencia directa."
INTROB-IMP-07,Importancia y aplicaciones,"En Países Bajos, Medema et al. confirmaron que el ARN viral es detectable en aguas residuales (L41).",Medema_2020,SIN_FUENTE,"n/d",Fuente_ausente_en_repo,"Conseguir el PDF de Medema_2020 (bloqueado por ACS) y verificar; entretanto la afirmación no es trazable en el repositorio. La afirmación es históricamente correcta pero no verificable con los archivos disponibles.","No verificable: el PDF no está en Recursos/fuentes/.","(sin PDF en el repositorio; no se pudo extraer evidencia textual)","Marcado FALTA en mapa_citas.csv. Claim fundacional y ampliamente conocido, pero pendiente de verificación con la fuente."
INTROB-IMP-08,Importancia y aplicaciones,"En Calgary, el seguimiento de tres plantas y seis barrios durante un año encontró correlaciones fuertes entre la abundancia de N1 y N2 y los casos detectados (L41).",Acosta_2022,OK,"Acosta p.1",,Ninguna,"Monitoreo de 3 WWTP y 6 barrios; correlaciones fuertes entre N1/N2 y carga clínica regional.","""monitor the occurrence and spread of SARS-CoV-2 from three wastewater treatment plants (WWTP) and six [neighborhoods] ... N1 and N2 ... Strong correlations were observed between N1 [and clinical cases]"" (acosta-2022, p.1)","Periodo ~mayo 2020 a 31 mayo 2021 (~1 año). Cifras 3 plantas / 6 barrios verificadas."
INTROB-IMP-09,Importancia y aplicaciones,"En Bangkok, las cargas virales se correlacionaron con los casos nuevos con un rezago de alrededor de tres semanas, comportándose como indicador adelantado en un contexto de ingresos medios con capacidad diagnóstica restringida (L41).",Sangsanont_2022,OK,"Sangsanont p.1",Cifra_redondeada_menor,"Opcional: precisar ""22-24 días"" en lugar de ""alrededor de tres semanas"" para máxima fidelidad (3 semanas = 21 días).","Correlación más fuerte con casos nuevos diarios a 22-24 días de rezago en Bangkok.","""viral loads showed strongest correlation with daily new COVID-19 cases at 22-24 days lag (Spearman's [rho])"" y ""correlated with new cases at 22-24 days lag"" (sangsanont-2022, p.1)","OK. ""Alrededor de tres semanas"" es un redondeo razonable de 22-24 días (ligeramente por debajo). Tailandia = ingreso medio-alto."
INTROB-MP-01,Muestreo pasivo en aguas residuales,"El muestreo pasivo coloca un dispositivo en el flujo por un periodo definido para acumular material; emplea medios de adsorción sencillos (hisopos, gasa, tampones de algodón), no requiere equipos automáticos y es alternativa para sitios con limitaciones de presupuesto (L45).",Parkins_2023,OK,"Parkins p.10",,Ninguna,"El muestreo pasivo usa medios de adsorción simples (Moore swab de algodón, gasa o tampones) y es más barato y simple que el automático.","""Passive sampling for SARS-CoV-2 RNA, which generally employs simple adsorption media (e.g., a classic Moore swab, using cotton, gauze, or tampons), is often less expensive and simpler to use"" (parkins-2023, p.10)","OK. La fuente lista algodón, gasa o tampones como medios separados; la tesis dice ""tampones de algodón"" (matiz de traducción menor)."
INTROB-MP-02,Muestreo pasivo en aguas residuales,"Roldán-Hernández et al. observaron que las concentraciones de ARN en la fracción sólida eran entre tres y cuatro órdenes de magnitud superiores a las de la fase líquida, con coeficientes de partición entre 2000 y 270 000 mL g-1 (L45).",RoldanHernandez_2023,OK,"Roldan-Hernandez p.13346 (abstract)",,Ninguna,"El ARN se concentra 3-4 órdenes de magnitud más en sólidos que en líquido; Kp 2000-270 000 mL/g.","""RNA concentrations were higher in the solid fraction than the liquid fraction by approximately 3-4 orders of magnitude. Partition coefficients (Kp) ranged from 2000-270,000 mL g-1 across viruses and temperature conditions"" (roldan-hernandez-2023, p.13346)","Coincidencia numérica EXACTA de las dos cifras (órdenes de magnitud y rango de Kp)."
INTROB-MP-03,Muestreo pasivo en aguas residuales,"Mejía-Calle aplicó en la PTAR Quitumbe un dispositivo pasivo tipo torpedo impreso en 3D, con membrana de nailon, gasa e hisopos de algodón, expuesto 24 horas en el influente (L47).",MejiaCalle_2024,OK,"Mejia Calle p.32",,Ninguna,"Dispositivo torpedo impreso en 3D con membrana de nailon (0,45 um), gasa y torundas de algodón, sumergido 24 h en el influente.","""A torpedo-type passive sampling device containing a nylon membrane, gauze, [cotton swabs]"" y ""equipped with a nylon membrane (0.45 um pore size), gauze, cotton swabs, and a metal [core]"" (mejia-calle-2024, p.~28/32)","Verificado; dispositivo, materiales y exposición coinciden."
INTROB-MP-04,Muestreo pasivo en aguas residuales,"El muestreo fue semanal, abarcó 47 muestras y representó aguas residuales de once barrios del Distrito Metropolitano de Quito, con un caudal reportado de 75 L/s (L47).",MejiaCalle_2024,OK,"Mejia Calle p.32",,Ninguna,"11 barrios del DMQ, muestreo semanal 24 h, 47 muestras, caudal 75 L/s.","""serves 11 neighborhoods in the Metropolitan District of Quito"" ... ""immersed for 24 hours once a week in the incoming wastewater at the Quitumbe WWTP, where the flow rate is 75 L/s"" ... ""resulting in a total of 47 samples"" (mejia-calle-2024, p.32)","Las cuatro cifras (11 barrios, semanal, 47 muestras, 75 L/s) verificadas exactamente."
INTROB-MP-05,Muestreo pasivo en aguas residuales,"En Quitumbe la baja concentración viral en los componentes individuales obligó a analizarlos de forma combinada, y la secuenciación quedó condicionada por Cq tardíos y por cambios en el rendimiento de los cebadores (L49).",MejiaCalle_2024,OK,"Mejia Calle (p.~19 y resultados)",,Ninguna,"Los componentes (gasa, membrana, hisopo) se probaron por separado pero, por las bajas concentraciones, se combinaron; un linaje no se detectó por primer switching.","""the samples (gauze, membrane, and swab) were initially tested separately. However, due to the low concentrations obtained from the individual samples, it was decided to pool the samples"" y ""not detected in wastewater due to primer switching"" (mejia-calle-2024, p.~19 y sección de resultados)","Verificado el análisis combinado y el cambio de cebadores (primer switching). El vínculo Cq tardío-secuenciación se sustenta en la misma tesis (otras secciones)."
MET-JUST-01,Justificacion y diseno del estudio,"Diseno observacional descriptivo longitudinal con muestreo semanal para detectar y caracterizar SARS-CoV-2, poliovirus y RSV",Parkins_2023,OK,Parkins p.2,,mantener,"Parkins encuadra la WBS como herramienta poblacional continua; el descriptor 'observacional descriptivo longitudinal' es decision del autor, compatible con la fuente.","""Intrinsic to WBS is its unique ability to monitor an entire population (irrespective of symptoms or the ability to access clinical testing) objectively, passively, and comprehensively"" (parkins-2023, p.2)",El tipo de diseno lo fija el autor; Parkins respalda la vigilancia comunitaria de tendencias temporales.
MET-JUST-02,Justificacion y diseno del estudio,"La WBS integra material excretado por individuos sintomaticos, presintomaticos y asintomaticos y habilita detectar presencia, tendencias temporales y diversidad genetica a escala comunitaria",Parkins_2023;Bubba_2023,PARCIAL,"Parkins p.2, p.6; Bubba abstract, sec.3.1",matiz_no_explicito,corregir,"Parkins soporta la inclusividad y la escala comunitaria pero la triada sintomatico/presintomatico/asintomatico es sintesis (no una sola frase). Bubba es de enterovirus no-polio (NPEV): respalda presencia y tendencias, no la 'diversidad genetica' de poliovirus de forma literal.","""monitor an entire population (irrespective of symptoms...)"" (parkins-2023, p.2); ""Wastewater surveillance can be applied... to enable early detection of an introduction or emergence of pathogens (absence or presence) and to monitor their spread; secondly, to monitor the changes in transmission and prevalence"" (bubba/microorganisms-11-02496, sec.3.1)",Bubba es NPEV-centrico; 'diversidad genetica' no se atribuye literalmente a poliovirus alli.
MET-JUST-03,Justificacion y diseno del estudio,Antecedente local en la PTAR Quitumbe para SARS-CoV-2: factibilidad de recolectar material viral con dispositivo impreso en 3D y asignar linajes por secuenciacion Oxford Nanopore,MejiaCalle_2024,OK,"MejiaCalle p.31-32, p.1(abstract)",,mantener,,"""used a passive 3D-printed device for sample collection... torpedo-like design"" (MejiaCalle-2024, p.31); ""multiplex PCR was used for sequencing with Oxford Nanopore Technology... lineages such as HN.1, EG.5.1.6, XBB.1.5.1.5, and HV.1 detected"" (MejiaCalle-2024, abstract)",Tesis antecedente USFQ; respaldo directo.
MET-AREA-01,Area y periodo de estudio,"El sitio centinela (pozo de entrada del influente) recibe aguas residuales de once barrios del DMQ, con caudal de 75 L/s",MejiaCalle_2024,OK,MejiaCalle p.32,,mantener,,"""serves 11 neighborhoods in the Metropolitan District of Quito... immersed for 24 hours once a week in the incoming wastewater at the Quitumbe WWTP, where the flow rate is 75 L/s"" (MejiaCalle-2024, p.32)",Once barrios y 75 L/s verificados.
MET-MUES-01,Estrategia de muestreo pasivo,"Dispositivo torpedo con gasa, membrana de nailon e hisopo, fijado en el pozo de entrada y sumergido 24 h, genera una muestra integrada en el tiempo",MejiaCalle_2024,OK,MejiaCalle p.31-32,,mantener,,"""A torpedo-type passive sampling device containing a nylon membrane, gauze..."" (MejiaCalle-2024, abstract); ""The samplers were immersed for 24 hours once a week"" (MejiaCalle-2024, p.32)",La frase 'integrada en el tiempo' es implicita (24 h de inmersion continua).
MET-MUES-02,Estrategia de muestreo pasivo,"El muestreo pasivo ha sido validado para la recuperacion de ARN viral en aguas residuales, con mayor deteccion que el muestreo puntual en escenarios de baja carga",Schang_2021;Parkins_2023,PARCIAL,Parkins p.10,fuente_faltante+termino_sobredimensionado,corregir,"Schang_2021 no esta en el repositorio (SIN_FUENTE), es la fuente central de la 'validacion'. Parkins solo respalda mayor sensibilidad frente al muestreo PUNTUAL (grab), no una 'validacion': el propio Parkins la califica como equivoca frente a muestreo compuesto y lista limitaciones.","""they can effectively achieve a lower detection limit and better sensitivity than a grab sample... appropriate for sentinel applications"" (parkins-2023, p.10); ""Studies have reported discrepant results as to whether passive samplers have improved sensitivity compared to composite samplers"" (parkins-2023, p.10)","Schang_2021 FALTA -> conseguir o retirar 'validado'. Precisar que la ventaja es vs. muestreo puntual, no vs. compuesto."
MET-PREC-01,Preconcentracion viral,La precipitacion con PEG es un metodo de concentracion secundaria evaluado para la deteccion de virus entericos y poliovirus en aguas residuales,Falman_2019,OK,Falman p.1,,mantener,,"""Evaluation of Secondary Concentration Methods for Poliovirus Detection in Wastewater... polyethylene glycol [PEG]/sodium chloride [NaCl] precipitation... PEG/NaCl precipitation and skimmed-milk flocculation resulted in the highest PV1 recoveries"" (falman-2019/s12560-018-09364-y, p.1)",Respaldo directo; PEG entre los metodos secundarios evaluados para poliovirus.
MET-PREC-02,Preconcentracion viral,"Protocolo de preconcentracion PEG: solucion 2X (20 g PEG + 3,48 g NaCl en 200 mL), homogeneizacion en Stomacher 2 min a 200 rpm, pellet resuspendido en DNA/RNA Shield 2X",MejiaCalle_2024,OK,MejiaCalle p.33,,mantener,,"""20g of PEG and 3.48g of NaCl are added... filled with 200mL of nuclease-free water, and autoclaved... mixed in a Stomacher for 2 minutes at 200rpm... the remaining pellet is resuspended in 300uL of Shield2X"" (MejiaCalle-2024, p.33)",Cifras del protocolo verificadas.
MET-EXTR-01,Extraccion de ARN,En estudios comparativos de extraccion de ARN viral en aguas residuales el kit Quick-RNA Viral (Zymo) mostro una recuperacion eficiente con preservacion del ARN,Zymo_2023;OBrien_2021,SIN_FUENTE,,fuente_faltante,conseguir,"La afirmacion comparativa ('recuperacion eficiente con preservacion') descansa en OBrien_2021, que NO esta en el repositorio. Zymo_2023 es protocolo de fabricante y solo cubre el uso del kit, no la comparacion.",,"OBrien_2021 FALTA -> conseguir el PDF y verificar la comparacion, o atenuar la afirmacion. Zymo_2023 = FABRICANTE-OFICIAL (solo protocolo)."
MET-RTQ-01,Deteccion molecular de SARS-CoV-2 por RT-qPCR,Los blancos N1 y N2 del panel CDC (gen de la nucleocapside) se emplean de forma amplia para la deteccion de SARS-CoV-2 en aguas residuales; el control RP verifica la integridad del procesamiento,Lu_2020;Ahmed_2020;MejiaCalle_2024,PARCIAL,Ahmed p.7; MejiaCalle p.34,fuente_faltante+atribucion,corregir,Lu_2020 (ensayo CDC N1/N2) NO esta en el repositorio (SIN_FUENTE). Ahmed_2020 respalda el uso AMPLIO de N1/N2 en aguas residuales solo en su discusion (citando a Medema/Wu); Ahmed NO uso N1/N2 sino los ensayos N_Sarbeco y NIID. MejiaCalle si empleo la mezcla N1/N2/RP.,"""Some of these assays, especially CDC N1, N2 and N3... have been used to detect SARS-CoV-2 in wastewater samples from the Netherlands (Medema et al., 2020) and USA (Wu et al., 2020a)"" (ahmed-2020, p.7); ""SARS-CoV-2 Primer/Probe Mix (N1/N2/RP)"" (MejiaCalle-2024, p.34)",Lu_2020 FALTA -> conseguir o tratar como fuente primaria del ensayo CDC. No atribuir el uso de N1/N2 a la metodologia propia de Ahmed.
MET-AMP-01,Amplificacion genomica multiplex de SARS-CoV-2,La amplificacion por paneles de amplicones aumenta la recuperacion de genoma a partir de ARN degradado o baja abundancia; la adaptacion de ARTIC a la matriz ambiental alcanza cobertura casi completa del genoma de SARS-CoV-2 a partir de cargas bajas,Barbe_2022;Child_2023;Crits_Christoph_2021,PARCIAL,"Barbe p.1, p.5; Child p.1, p.6; Crits-Christoph p.2-3",atribucion_erronea,corregir,"Barbe_2022 respalda ARTIC en aguas residuales con cobertura casi completa (hasta ~90%), pero solo evaluo cargas 1e4-1e6 (no cargas muy bajas). Child_2023 respalda que el metodo dirigido supera al metagenomico a bajas concentraciones. Crits-Christoph_2021 esta MAL ATRIBUIDO: no uso ARTIC sino un enfoque metatranscriptomico/oligo-captura, y ademas CONTRADICE 'cobertura casi completa a baja carga' (genomas completos solo con Ct<33).","""adapted to allow near-full genome coverage from sewage samples, starting from ~5% to reach ~90% at depth 30"" (barbe-2022/fmicb-13-889811, p.1); ""Tiled-PCR sequencing led to further improvements in genome coverage compared to hybrid capture"" (child-2023, p.1); ""Only samples with RT-qPCR CT values <33 (~25 genome copies/ul) yielded complete consensus genomes"" (crits-christoph-2021, p.3)","IDEA NUEVA (contradiccion): Crits-Christoph es metatranscriptomico/oligo-captura, no ARTIC: ""an oligo-capture approach (Illumina respiratory virus panel)"" (crits-christoph-2021, p.2). Reasignar la afirmacion ARTIC a Barbe_2022 y no sostener 'casi completa a baja carga' con Crits-Christoph."
MET-POLIO-01,Deteccion y amplificacion de poliovirus por PCR anidada de VP1,El protocolo DDNS amplifica la region VP1 mediante una PCR anidada seguida de secuenciacion Nanopore,Shaw_2020;Shaw_2022_protocol,OK,Shaw_2020 p.1-3,matiz_terminologico,mantener,Shaw_2020 describe integramente el metodo (PCR anidada + nanopore de VP1); el acronimo 'DDNS' no aparece literalmente en Shaw_2020. Shaw_2022_protocol apunta al mismo PDF de Shaw_2020 en el mapa (posible duplicado).,"""We present a nested PCR and nanopore sequencing protocol that allows rapid (<3 days) and sensitive direct detection and sequencing of polioviruses in stool and environmental samples"" (shaw-2020, p.1)",Shaw_2022_protocol resuelve al mismo archivo que Shaw_2020 (revisar si es una entrada distinta protocols.io).
MET-POLIO-02,Deteccion y amplificacion de poliovirus por PCR anidada de VP1,"La region VP1 es la diana de referencia para diferenciar poliovirus Sabin-like, salvaje y derivado de vacuna, y para establecer relaciones geneticas entre eventos ambientales",Asghar_2014;Zurbriggen_2008,PARCIAL,Asghar abstract y discusion; Zurbriggen p.1 y metodos,matiz_no_explicito,corregir,Zurbriggen_2008 respalda VP1 para caracterizar/diferenciar (Sabin-like/VDPV por %divergencia) y relaciones geneticas. Asghar_2014 usa VP1 para filogenia y relaciones geneticas pero NO enuncia explicitamente que VP1 diferencie las tres categorias (Sabin/salvaje/derivado).,"""Sequencing the complete viral protein 1 (VP1) capsid coding region... identified 3 Sabin type 1, 13 Sabin type 2, and 4 Sabin type 3 strains... VDPVs are defined as viruses with a 1 to 15% nucleotide sequence difference within the VP1 region"" (zurbriggen-2008, p.1); ""the genetic sequences of polioviruses isolated from ES are compared with those of isolates from clinical cases to evaluate the relationships"" (asghar-2014, abstract)",La diferenciacion de las tres categorias se sostiene sobre Zurbriggen; Asghar respalda solo relaciones geneticas/filogenia por VP1.
MET-POLIO-03,Deteccion y amplificacion de poliovirus por PCR anidada de VP1,La primera ronda de la PCR anidada emplea cebadores pan-enterovirus dirigidos a las regiones 5'NTR y Cre,Arita_2015,SIN_FUENTE,,fuente_faltante,conseguir,"Arita_2015 no esta en el repositorio. El contenido, sin embargo, si aparece respaldado en Shaw_2020 (citado en la seccion): pan-EV con primers 5'NCR y Cre-R.","""pan-EV entire capsid RT-PCR with Cre-R and 5=NCR primers in an RT-PCR"" (shaw-2020, p.6)","Arita_2015 FALTA -> conseguir, o respaldar el paso con Shaw_2020 que ya esta en el repo (usa 5'NCR/Cre-R)."
MET-POLIO-04,Deteccion y amplificacion de poliovirus por PCR anidada de VP1,"La segunda ronda amplifica VP1 con los cebadores Y7 (Kilpatrick) y Q8 (Yang), que pueden incorporar codigos de barras para simplificar la preparacion de bibliotecas",Kilpatrick_2011;Yang_1991;Shaw_2020;Shaw_2022_protocol,PARCIAL,Shaw_2020 p.3,fuente_faltante,corregir,"Kilpatrick_2011 (Y7) y Yang_1991 (Q8) NO estan en el repositorio (SIN_FUENTE). No obstante, los nombres Q8/Y7 y el uso de codigos de barras estan respaldados por Shaw_2020, que si esta en el repo y tambien se cita aqui.","""a second PCR using pan-poliovirus (pan-PV) primers Q8/Y7... we sought to reduce the time and cost for nanopore sequencing library preparation by modifying these primers with either the addition of a barcode adaptor (VP1-BCA) or barcode (VP1-barcode)"" (shaw-2020, p.3)",Conseguir Kilpatrick_2011 y Yang_1991 (fuentes originales de los cebadores) o dejar el respaldo en Shaw_2020.
MET-POLIO-05,Deteccion y amplificacion de poliovirus por PCR anidada de VP1,El enfoque molecular directo reduce los tiempos de confirmacion frente a los flujos de aislamiento viral y resulta adecuado para vigilancia ambiental con baja tasa de deteccion clinica,Shaw_2022,PARCIAL,Shaw_2022 p.1,alcance_del_paper,corregir,"La reduccion de tiempos frente al aislamiento esta bien respaldada (35 dias a ~16 con DDNS; cultivo requiere >=6-14 dias). La 'adecuacion para vigilancia ambiental con baja deteccion clinica' no es el marco de este paper, centrado en confirmacion de VDPV2 a partir de heces/AFP.","""New VDPV2 outbreaks were confirmed a median of 35 days (27-60) after paralysis onset, which we estimate could be reduced to 16 days by DDNS (9-37)"" (shaw-2022/jiab518, p.1)",El componente de vigilancia ambiental/baja deteccion clinica no es el objeto de Shaw_2022; considerar respaldarlo con Shaw_2020 o Bubba.
MET-RSV-01,Deteccion y amplificacion de RSV por PCR multiplex,La estrategia de amplicones solapados con secuenciacion por nanoporos ha sido validada para genomas completos de RSV en muestras clinicas y ambientales y recupera informacion de cargas variables,Le_2025,OK,"Le p.1-2, p.5",,mantener,,"""an integrated whole genome RSV amplification, sequencing and bioinformatics analysis method... suitable for patient samples as well as wastewater... 39 overlapping amplicons ~550 bp... Whole genomes (>90% coverage) were obtained from 98% of samples with >10,000 copies/mL, from 3/14 samples with 1,000-10,000 copies/mL, and from none with <1,000 copies/mL"" (le-2025/s41598-025-20371-5, p.1)",RSVTyper; respaldo directo clinico y de aguas residuales.
MET-RSV-02,Deteccion y amplificacion de RSV por PCR multiplex,"La inclusion de cebadores para RSV-A y RSV-B atiende la diversidad de subgrupos y clados, que requiere referencias adecuadas para evitar la perdida de lecturas durante el mapeo",Le_2025,OK,Le p.2-3,,mantener,,"""our own reference panel consisting of 10 RSV-A and 10 RSV-B references... the use of an incorrect RSV subtype as a reference in the ARTIC pipeline significantly reduced read mapping efficiency... usage of the wrong reference sequence leads to read alignment coverage dropouts"" (le-2025/s41598-025-20371-5, p.3)",Respaldo directo de la necesidad de referencias por subgrupo.
MET-ELEC-01,Electroforesis y criterios de seleccion para secuenciacion,"Los productos ARTIC/VarSkip se evaluaron en gel de agarosa 1,5% con SYBR Safe como intercalante para visualizar el ADN",NEB_2021;Barbe_2022,FABRICANTE-OFICIAL,,,mantener,Paso de protocolo (visualizacion en gel). NEB_2021 = protocolo de fabricante; Barbe_2022 acompana como referencia metodologica del flujo ARTIC.,,Etapa procedimental respaldada por protocolo de fabricante (NEB_2021).
MET-ELEC-02,Electroforesis y criterios de seleccion para secuenciacion,"Las muestras con amplificacion insuficiente o Cq tardio se descartaron o reprocesaron, dado que la baja carga viral limita la recuperacion de informacion genomica util",MejiaCalle_2024;Child_2023,OK,"Child p.1, p.6",,mantener,,"""untargeted shotgun sequencing was unsuitable for genomic monitoring of the low virus concentrations in wastewater samples analyzed in this study"" (child-2023, p.1); coverage ""significantly correlated with the Ct values from RT-qPCR"" (child-2023, p.6)",Child respalda que la baja carga (Ct alto) limita la recuperacion genomica.
MET-BIBL-01,Preparacion de bibliotecas y secuenciacion por nanoporos,"Secuenciacion Oxford Nanopore con Native Barcoding Kit 96 V14 (SQK-NBD114.96) y celdas R10.4.1; end-repair, dA-tailing, barcoding nativo y limpieza con AMPure XP",ONT_2025;Barbe_2022,FABRICANTE-OFICIAL,,,mantener,Pasos de protocolo de preparacion de bibliotecas ONT. ONT_2025 = protocolo de fabricante; Barbe_2022 como referencia del flujo de secuenciacion por amplicones.,,Etapa procedimental de fabricante (ONT_2025).
MET-BIBL-02,Preparacion de bibliotecas y secuenciacion por nanoporos,"La secuenciacion se ejecuto en GridION/MinION/PromethION con MinKNOW en tiempo real, habilitando basecalling, demultiplexacion y analisis posterior",ONT_2025;Dash_2024,FABRICANTE-OFICIAL,,,mantener,Descripcion de plataforma/software ONT (fabricante). Dash_2024 acompana como referencia general de NGS; no es afirmacion sustantiva discutible.,,Etapa procedimental de fabricante (ONT_2025); Dash_2024 verificado en el mapa.
MET-BIBL-03,Preparacion de bibliotecas y secuenciacion por nanoporos,Para poliovirus la preparacion de bibliotecas siguio las indicaciones del protocolo DDNS aplicables a los amplicones de VP1,Shaw_2020;Shaw_2022_protocol,OK,Shaw_2020 p.3,,mantener,,"""we sought to reduce the time and cost for nanopore sequencing library preparation by modifying these primers with either the addition of a barcode adaptor (VP1-BCA) or barcode (VP1-barcode) to allow immediate multiplexing"" (shaw-2020, p.3)",El protocolo de bibliotecas para VP1 esta en Shaw_2020.
MET-BIOINF-01,Procesamiento y analisis bioinformatico,Para RSV la tipificacion se apoyo en flujos automatizados de genoma completo; para poliovirus el analisis se centro en la region VP1 (caracterizacion intratipica),Le_2025;Shaw_2020,OK,"Le p.1, p.3; Shaw_2020 p.1-2",,mantener,,"""a tailored analysis pipeline including automatic reference selection, consensus sequence generation and clade assignment via Nextclade"" (le-2025, p.1); ""nanopore (MinION) sequencing of the poliovirus VP1 region"" (shaw-2020, p.2)",RSVTyper (Le) y analisis VP1 (Shaw) respaldan el flujo bioinformatico.
MET-BIOINF-02,Procesamiento y analisis bioinformatico,"La tasa de error de la secuenciacion por nanoporos y la complejidad de la matriz ambiental exigen un control de calidad estricto (cobertura, profundidad y % de nucleotidos indeterminados)",Dash_2024;Child_2023,OK,Child p.6; Dash (NGS/nanopore),,mantener,Child respalda el efecto de la matriz/carga en la calidad (cobertura correlacionada con Ct); Dash_2024 (verificado en el mapa) cubre la tasa de error de nanoporos.,"""significantly correlated with the Ct values from RT-qPCR"" (child-2023, p.6)",Dash_2024 verificado en auditoria previa (tasa de error NGS/nanopore).
MET-CTRL-01,"Controles de calidad, controles experimentales e interpretacion",Las PCR multiplex incluyeron controles positivos y negativos para verificar el desempeno de la reaccion,NEB_2021,FABRICANTE-OFICIAL,,,mantener,Buenas practicas del protocolo multiplex del fabricante (controles + y -).,,Etapa procedimental de fabricante (NEB_2021).
MET-CTRL-02,"Controles de calidad, controles experimentales e interpretacion","Las muestras con Cq tardio se trataron como evidencia de menor peso, dado que la baja carga, los inhibidores y el ARN degradado de las aguas residuales comprometen la amplificacion y la secuenciacion",Parkins_2023;MejiaCalle_2024,OK,Parkins p.18-19,,mantener,,"""Inhibitory substances in the sample can suppress PCR amplification partially or completely, resulting in incorrect quantification or false-negative results"" (parkins-2023, p.19); ""Recovery of replication-competent viruses from wastewater is particularly challenging owing to rapid degradation over time, inhibitory chemicals in the wastewater matrix"" (parkins-2023, p.19)",Parkins respalda inhibidores/degradacion; el paso a 'menor peso de la evidencia' es interpretacion razonable del autor.
MET-ETICA-01,Consideraciones eticas y de bioseguridad,"El analisis de aguas residuales a escala poblacional se evalua con los cuatro principios de la bioetica (autonomia, no maleficencia, beneficencia y justicia distributiva) y la caracterizacion de una poblacion grande con fines de salud publica no plantea objeciones eticas mayores",Subedi_2019,OK,Subedi p.22,matiz_atribucion,mantener,Respaldo literal; el marco de los cuatro principios lo atribuye el capitulo de Subedi & Burgard a Hall et al. (ref.55) citado dentro del texto.,"""Their analysis considered the principles of respect for autonomy, nonmaleficence... beneficence... and distributive justice... When characterizing a large population with WBE for public health purposes, Hall et al. concluded that there were no major ethical concerns"" (subedi-2019, p.22)",Los cuatro principios se citan dentro de Subedi como de Hall et al.; la cita a Subedi_2019 es correcta como fuente contenedora.
MET-ETICA-02,Consideraciones eticas y de bioseguridad,"La cautela etica se limita a poblaciones pequenas o sensibles (prisiones, escuelas, centros de trabajo), donde un resultado agregado podria estigmatizar al grupo",Subedi_2019,OK,Subedi p.22,,mantener,,"""they cautioned the use of wastewater sampling on small or sensitive populations, such as prisons, places of work, and schools, where indirect harms... could instigate policy measures that negatively affect the entire group"" (subedi-2019, p.22)",Respaldo literal directo.
MET-ETICA-03,Consideraciones eticas y de bioseguridad,"El procesamiento se realizo conforme a practicas de bioseguridad acordes con material potencialmente infeccioso (EPP, cabinas de bioseguridad, descontaminacion)",WHO_2020,FABRICANTE-OFICIAL,,,mantener,"Documento oficial de bioseguridad de la OMS; guia procedimental, no afirmacion sustantiva verificable en el repositorio.",,WHO_2020 = OFICIAL (guia de bioseguridad de laboratorio).
INTROE-SIT-01,Situacion en Ecuador,"MejiaCalle identifico linajes de Omicron por muestreo pasivo y Nanopore, con JN.1 en aguas antes que en clinica",MejiaCalle_2024,OK,p.8/51,,mantener,,"""secuenciacion con Oxford Nanopore Technology... predominance of the Omicron variant""; ""JN.1 lineage was first detected in wastewater, preceding clinical"" (00331348-MejiaCalle, p.8/51)","Antecedente local."
INTROE-SIT-02,Situacion en Ecuador,"Carencia de informacion genomica clinica en Ecuador (datos desactualizados, carga irregular en repositorios)",MejiaCalle_2024,OK,p.52,matiz,mantener,"La fuente lo plantea sobre comparacion GISAID/CoVariants, no como enunciado general.","""the data on circulating lineages in Ecuador...is only current up to July 15, 2024...whether all researchers...have uploaded their data, which limits the ability to compare"" (00331348-MejiaCalle, p.52)","Parafrasis fiel."
INTROE-SIT-03,Situacion en Ecuador,"WBS da estimaciones poblacionales menos sesgadas que la prueba clinica y a menor costo",Karthikeyan_2022,OK,p.1/7,,mantener,,"""provides less biased abundance estimates than clinical testing"" (p.1); ""more cost-effective than clinical sequencing"" (s41586-022-05049-6/Karthikeyan, p.7)","Verificado."
INTROE-SIT-04,Situacion en Ecuador,"RSV y poliovirus son objetivos documentados de vigilancia ambiental",Asghar_2014;Hughes_2022;Bottcher_2025,OK,varios,,mantener,,"Titulos: ""Environmental Surveillance for Polioviruses...""; ""RSV RNA in Wastewater Settled Solids Reflects...Positivity""; ""cVDPV2 in wastewater samples""","Encuadre."
INTROE-JUS-01,Justificacion,"WBS flexible y economicamente viable; mas sostenible al integrar multiples blancos",Bubba_2023,OK,p.1/8,,mantener,,"""inexpensive, flexible, anonymised, reliable, population-based tool for monitoring outbreaks""; ""surveillance for multiple pathogens...more cost-efficient and sustainable"" (microorganisms-11-02496/Bubba, p.1/8)","Ambos componentes textuales."
INTROE-JUS-02,Justificacion,"Costo-utilidad canadiense: vigilancia ambiental de RSV domino a la clinica en todos los escenarios, a CAD$12,31/lactante",Mercier_2025,OK,p.2/4,,mantener,,"""RSV-WEM dominated (lower costs and higher utilities)...in all scenario analyses"" (p.2); ""CAD$12.31 per infant"" (Mercier_2025, p.4)","Cifra exacta."
INTROE-JUS-03,Justificacion,"La vigilancia genomica de aguas es modelo para virus endemicos, recupera prevalencia de variantes sin muestras clinicas",Yousif_2023,OK,p.1,,mantener,,"Titulo: ""...as a model for monitoring evolution of endemic viruses""; ""recovering the prevalence of local circulating variants, even when clinical samples are not available"" (s41467-023-41369-5/Yousif, p.1)","Casi literal."
INTROE-JUS-04,Justificacion,"La temporada de varios virus respiratorios puede seguirse conjunta en un mismo flujo",Chan_2025,OK,p.1,,mantener,,"""wastewater RNA concentrations of influenza A and B, RSV, human metapneumovirus, and SARS-CoV-2 from 175 treatment plants"" (Chan_2025, p.1)","5 virus, 175 plantas."
INTROE-JUS-05,Justificacion,"El muestreo pasivo y Nanopore ya detectaron y caracterizaron SARS-CoV-2 en el sitio",MejiaCalle_2024,OK,p.8,,mantener,,"""muestreo pasivo tipo torpedo...secuenciacion con Oxford Nanopore"" (00331348-MejiaCalle, p.8)","Factibilidad del sitio."
INTROE-JUS-06,Justificacion,"Existen metodos dirigidos/enriquecimiento para virus humanos en aguas y protocolos para RSV y poliovirus",Child_2023;Le_2025;Asghar_2014,OK,Child p.1; Le p.1; Asghar p.7,,mantener,,"""Hybrid-capture enrichment...amplicon sequencing gave high viral genome coverage"" (Child); ""nanopore sequencing...RSV using RSVTyper"" (Le); ""complete VP1 sequences...from sewage"" (Asghar)","Cada fuente su componente."
INTROE-JUS-07,Justificacion,"Ampliar a RSV/poliovirus incorpora blancos al flujo validado SIN requerir infraestructura ni inversion adicional",Child_2023;Le_2025;Asghar_2014,PARCIAL,n/a,inferencia_de_beneficio,corregir,"'Sin inversion adicional' es inferencia del autor, no en las fuentes. Apoyar en Mercier ('using existing WEM infrastructure') o suavizar.","Las fuentes respaldan la EXISTENCIA de metodos, no el costo cero.","Suavizar el enunciado de infraestructura."
INTROE-JUS-08,Justificacion,"Esquema ARTIC de RSV desarrollado con participacion de USFQ, compatible con Nanopore, produce genomas completos",Maloney_2025,PARCIAL,p.1/2/4,autoria_sobreestimada,corregir,"USFQ es COAUTORA y valido/uso Nanopore (completitud 94,9/95,8%), pero el esquema ARTIC lo desarrolla Edimburgo (Rambaut). 'Desarrollado' sobreestima el rol.","""Institute of Microbiology, Universidad San Francisco de Quito"" (p.1); ""four used Nanopore (MDH, NVRL, UoN and USFQ)""; ""median genome completeness was 94.9% and 95.8% for RSV A and B"" (RSV_paper_Romel/Maloney, p.4)","Cambiar 'desarrollado' -> 'validado/aplicado con participacion de'."
INTROE-JUS-09,Justificacion,"El estudio aporta lectura poblacional que complementa la clinica en contexto de informacion genomica local limitada",Yousif_2023;Bruno_2025,OK,Yousif p.1; Bruno p.1-8,,mantener,,"""wastewater surveillance has emerged as a key tool to support clinical surveillance"" (Yousif); Bruno documenta disparidades regionales LMIC (bruno-2025)","Encuadre correcto."
INTROE-JUS-10,Justificacion,"Instituciones de salud publica/saneamiento pueden evaluar sitios centinela, priorizar patogenos, planificar vigilancia en Quito",Parkins_2023;MejiaCalle_2024,OK,Parkins p.1,,mantener,,"Titulo: ""Wastewater-Based Surveillance as a Tool for Public Health Action"" (parkins-2023, p.1)","Encuadre; 'beneficiarios' es enunciado propio."
INTROE-JUS-11,Justificacion,"Grupos vulnerables ante RSV y comunidades expuestas a polio silencioso o variantes de SARS",Hughes_2022;Bottcher_2025;Crits_Christoph_2021,OK,varios,,mantener,,"""particularly for infants and immunocompromised or elderly"" (Hughes); ""cVDPV2...a wake-up call"" (Bottcher); ""Sewage Detects Regionally Prevalent Variants"" (Crits)","Cada fuente su grupo."
INTROE-PRO-01,Problema pregunta objetivos,"Amplia de SARS hacia enterovirus y RSV por relevancia ambiental/respiratoria/comunitaria",MejiaCalle_2024;Asghar_2014;Hughes_2022;Le_2025,OK,varios,,mantener,,"Antecedente (MejiaCalle p.8); polio ambiental (Asghar p.1); RSV en aguas (Hughes p.1); secuenciacion RSV (Le p.1)","Sintesis del autor coherente."
INTROE-PRO-02,Problema pregunta objetivos,"El poliovirus concentra el mayor interes sanitario y orienta la eleccion de VP1 como blanco",Asghar_2014,OK,p.7,,mantener,,"""complete VP1 sequences of viruses isolated from sewage samples"" (asghar-2014, p.7)","VP1 respaldado."
INTROE-PRO-03,Problema pregunta objetivos,"La deteccion y caracterizacion se interpretan segun posibilidades/limitaciones en matrices ambientales",Child_2023;Parkins_2023,OK,Child p.1; Parkins p.1,,mantener,,"""untargeted shotgun sequencing was unsuitable...low virus concentrations in wastewater"" (Child, p.1)","Encuadre metodologico."
INTROD-RTqPCR-01,RT-qPCR,"RT-qPCR combina transcripcion reversa del ARN viral a ADNc con amplificacion cuantitativa en tiempo real; la senal se estima por el Cq a partir de curvas estandar",Ahmed_2020;Medema_2020,OK,"Ahmed p.1,3,5",,ninguna,"Descripcion de metodo que Ahmed instancia (no define textualmente cDNA/curva estandar)","""reverse transcriptase quantitative polymerase chain reaction (RT-qPCR)"" (ahmed-2020, p.1); ""the Cq (quantification cycle) value obtained acted as a reference point"" (ahmed-2020, p.3); ""The slope of the standards..."" (ahmed-2020, p.5)","Medema_2020 = FALTA en repo (no descargable, ACS bloquea); no verificable por PDF. Ahmed cubre el mecanismo. La palabra literal 'cDNA' no aparece; 'curva estandar' figura como 'standards'/'slope of the standards'"
INTROD-RTqPCR-02,RT-qPCR,"Fue central desde los primeros reportes de SARS-CoV-2 en aguas residuales y sigue siendo el paso que confirma la presencia viral y decide que muestras avanzan a secuenciacion",Ahmed_2020;Medema_2020,PARCIAL,"Ahmed p.1,3,6",extrapolacion,revisar_redaccion,"Ahmed detecto SARS-CoV-2 en aguas residuales por RT-qPCR confirmado por secuenciacion, pero la secuenciacion fue para CONFIRMAR especificidad, no para SELECCIONAR muestras","""in Australia using RT-qPCR assay, confirmed by sequencing"" (ahmed-2020, p.1); ""we recommend sequencing RT-qPCR products for confirmation"" (ahmed-2020, p.6)","'decide que muestras avanzan a secuenciacion' NO esta en Ahmed: es una regla de flujo no enunciada (extrapolacion). Medema_2020 FALTA. La parte de centralidad/primeros reportes si es sostenible"
INTROD-RTqPCR-03,RT-qPCR,"Hughes aplico este esquema de controles en RSV en solidos sedimentados, con controles de recuperacion, evaluacion de inhibicion y normalizacion con PMMoV",Hughes_2022,PARCIAL,"Hughes p.174-176",cifra_o_detalle_no_respaldado,revisar_redaccion,"Hughes uso PMMoV/BCoV como controles de recuperacion y normalizo por PMMoV, pero solo describe REMOCION de inhibidores, no una evaluacion de inhibicion","""PMMoV... is used here as an internal recovery and fecal strength control... BCoV was spiked... all samples were required to have greater than 10% BCoV recovery"" (hughes-2022, p.175); ""We repeated the analysis normalizing RSV RNA concentrations by PMMoV"" (hughes-2022, p.176); ""PCR inhibitor removal with the Zymo OneStep-96 PCR Inhibitor Removal kit"" (hughes-2022, p.174)","'evaluacion de inhibicion' sobrepasa la fuente: Hughes solo remueve inhibidores, no ejecuta una prueba/ensayo de inhibicion. Cambiar por 'remocion de inhibidores' o citar otra fuente para la evaluacion"
INTROD-RTqPCR-04,RT-qPCR,"En la PTAR Quitumbe, las muestras con Cq tardios rindieron menos en la secuenciacion (vinculo carga RT-qPCR / recuperacion genomica)",MejiaCalle_2024,OK,"MejiaCalle p.45,58",,ninguna,"Coincide: 11 de 47 muestras no se secuenciaron por CT muy tardios","""Of these, only 36 samples could be sequenced, as the remaining 11 samples had very late CT values, which prevented successful sequencing"" (MejiaCalle, p.45)",
INTROD-RTqPCR-05,RT-qPCR,"La deteccion molecular se interpreta junto con los controles de calidad y las caracteristicas del flujo de procesamiento de cada muestra",Parkins_2023,OK,"Parkins p.10,18",,ninguna,"Sintesis sostenida por Parkins (metadatos + control interno por muestra)","""collection and use of wastewater-associated 'metadata' are often useful during quality assurance and data interpretation"" (parkins-2023, p.10); ""an internal control should be assessed in each sample"" (parkins-2023, p.18)",
INTROD-PCRmultiple-01,PCR multiple,"La PCR multiple amplifica varios blancos; en vigilancia reduce el volumen de muestra, el costo y el tiempo de procesamiento",Le_2025,PARCIAL,"Le p.6",cifra_o_detalle_no_respaldado,revisar_redaccion,"Le respalda menor costo y menor tiempo de los metodos por amplicones, no la reduccion de volumen de muestra","""amplicon-based methods are inexpensive to implement and can be performed with standard laboratory equipment"" (Le-2025, p.6); captura de hibridacion es ""more expensive to implement"" y ""more time-consuming"" (Le-2025, p.6)","'reduce el volumen de muestra' NO esta soportado por Le (la unica mencion de volumen es reactivos AMPure, p.9). Costo y tiempo si. Quitar 'volumen de muestra' o dar otra fuente"
INTROD-PCRmultiple-02,PCR multiple,"Child comparo metodos metagenomicos y dirigidos y observo que la secuenciacion por PCR de amplicones genero mayor cobertura de virus especificos que la metagenomica shotgun en muestras dominadas por bacterias",Child_2023,OK,"Child p.1",,ninguna,"Coincide plenamente","""Deep shotgun metagenomic sequencing was unable to generate sufficient genome coverage of human pathogenic viruses for robust genomic epidemiology, with samples dominated by bacteria"" (child-2023, p.1); ""while amplicon sequencing gave high viral genome coverage, untargeted shotgun sequencing... was unable to detect human pathogenic viruses with enough sensitivity"" (child-2023, p.1)","Matiz: el mejor contraste del paper es tiled-PCR > captura hibrida > shotgun; la captura hibrida tambien supera a shotgun ampliamente"
INTROD-PCRmultiple-03,PCR multiple,"Para RSV, Le aplico un panel de 39 amplicones solapados de aproximadamente 550 pb mediante secuenciacion Nanopore y analisis automatico",Le_2025,OK,"Le p.1-2",,ninguna,"39 amplicones y ~550 pb confirmados en el abstract","""generating 39 amplicons ~ 550 bp in length"" (Le-2025, p.1); ""generating 39 overlapping amplicons"" (Le-2025, p.2); ""analyzed with the RSVTyper pipeline... automatic reference selection, consensus sequence generation and clade assignment via Nextclade"" (Le-2025, p.1)","Nota: el diseno del esquema apunta a ~500 pb (""PCR fragments... approximately 500 bp"", p.2) pero el amplicon resultante declarado es ~550 pb (abstract). Ambas cifras del texto (39 y ~550) quedan soportadas. Le trabajo aislados de pacientes, no aguas residuales"
INTROD-PCRmultiple-04,PCR multiple,"Un resultado positivo con Cq tardio requiere cautela cuando la carga es baja o hay inhibidores; un resultado negativo puede reflejar ausencia del blanco, perdida durante la extraccion o baja afinidad de los cebadores",Child_2023,PARCIAL,"Child p.7,11",cita_no_sostiene_afirmacion,revisar_redaccion,"Child no enmarca 'positivo con Cq tardio requiere cautela' ni liga Cq a inhibidores/carga baja; solo sostiene parcialmente causas del negativo (ausencia del blanco, degradacion/afinidad de cebadores). 'perdida durante la extraccion' no esta","""MeV and HAV were also absent... suggesting that they were not present in sufficient quantities for PCR detection"" (child-2023, p.7); ""nucleic acid degradation in wastewater samples, which can restrict the contiguous binding of primer pairs"" (child-2023, p.11)","La premisa del 'positivo con Cq tardio' y 'perdida durante la extraccion' no estan en Child. Reformular o cambiar de fuente para la parte del positivo/extraccion"
INTROD-PCRmultiple-05,PCR multiple,"Los sesgos de amplificacion favorecen ciertas regiones o linajes y afectan variantes minoritarias, efecto que MejiaCalle asocio con los cambios de cebadores en Quitumbe",MejiaCalle_2024,OK,"MejiaCalle p.9,47,62",,ninguna,"Coincide: cambio de cebadores impacto la deteccion de linajes","""the change in primers used between March and July 2024, which impacted the detection of circulating lineages and led to the identification of primitive lineages"" (MejiaCalle, p.62); ""changes in primer recognition sites may have affected the results by targeting more conserved viral regions"" (MejiaCalle, p.47)",
INTROD-Secuenciacion-01,Secuenciacion (parrafo puente),"La secuenciacion de Sanger (primera generacion) lee un solo fragmento por reaccion con longitud util de unos 700 a 900 pb y fue el estandar durante decadas",Dash_2024,OK,"Dash p.35-36,59",,ninguna,"Coincide con matiz: el libro habla de deterioro de calidad tras 700-900 'bases' (no 'pares de bases') y ~40 anos como estandar","""deteriorating quality of sequencing reads after 700e900 bases"" (Dash, p.36); ""the Sanger method only sequences a single DNA fragment at a time"" (Dash, p.59); ""the gold standard for DNA sequencing for approximately 40 years"" (Dash, p.35)","Matiz menor: el libro enmarca 700-900 como punto de deterioro de calidad de la lectura, y dice 'bases' no 'pares de bases'"
INTROD-Secuenciacion-02,Secuenciacion (parrafo puente),"La NGS ejecuta de millones a miles de millones de reacciones en paralelo y reconstruye las lecturas por bioinformatica contra un genoma de referencia",Dash_2024,OK,"Dash p.36,59",,ninguna,"Coincide","""NGS enables performing millions to billions of sequencing reactions simultaneously"" (Dash, p.36); ""sequencing of millions of small fragments of DNA in parallel. Bioinformatics analyses are then used to piece together these fragments by mapping the individual reads to the human reference genome"" (Dash, p.59)",
INTROD-Secuenciacion-03,Secuenciacion (parrafo puente),"La secuenciacion profunda detecta variantes a frecuencias alelicas mas bajas que Sanger (linajes minoritarios en una muestra mezcla)",Dash_2024,OK,"Dash p.36,59",,ninguna,"Coincide (la frase 'linajes minoritarios/muestra mezcla' es interpretacion del autor; el libro afirma literalmente lo de frecuencia alelica)","""the ability to detect variants at lower allele frequencies than with Sanger sequencing"" (Dash, p.36); ""With deep sequencing, NGS also has a higher discovery capability for detecting novel or rare variants"" (Dash, p.59)",
INTROD-Secuenciacion-04,Secuenciacion (parrafo puente),"Segun la longitud de lectura, la NGS se divide en tecnologias de segunda generacion (lecturas cortas) y de tercera generacion (lecturas largas en tiempo real)",Dash_2024,OK,"Dash p.36",,ninguna,"Coincide literalmente","""Depending on the length of sequences produced second- and third-generation sequencing methods are available, and they are defined as short-read and real-time long-read technologies, respectively"" (Dash, p.36)","IDEA NUEVA disponible: lectura corta NGS ""short DNA sequence reads (50e300 nucleotides)"" (Dash, p.38); lectura media ONT ""reads spanning more than 500 nucleotides"" (Dash, p.85)"
INTROD-Nanopore-01,Nanopore (ONT),"ONT mide los cambios de corriente electrica generados cuando una molecula de acido nucleico atraviesa un nanoporo, y produce lecturas largas en tiempo real en dispositivos portatiles como el MinION",Dash_2024,OK,"Dash p.42,85-86",,ninguna,"Coincide","""The presence of a DNA molecule alters the ionic current by partially blocking the aperture... the obtained current profile, called a 'squiggle', can be translated to a nucleotide sequence"" (Dash, p.86); ""MinION, which weighs less than 0.5 kg"" (Dash, p.86)","IDEA NUEVA disponible: longitud de lectura ONT MinION ""13e20 kb"" (Tabla 3.2, Dash p.42) por si se desea anadir la cifra"
INTROD-Nanopore-02,Nanopore (ONT),"En la PTAR Quitumbe permitio asignar linajes de SARS-CoV-2 a partir de muestras pasivas y observar variantes de Omicron en el contexto local",MejiaCalle_2024,OK,"MejiaCalle p.8-9,45",,ninguna,"Coincide","""47 samples were collected using the 3D-printed passive devices. Of these, only 36 samples could be sequenced"" (MejiaCalle, p.45); ""Se observo un predominio de la variante omicron, con linajes como HN.1, EG.5.1.6, XBB.1.5.1.5 y HV.1"" (MejiaCalle, p.9)",
INTROD-Nanopore-03,Nanopore (ONT),"Klapsa generaron secuencias de genoma completo con protocolos Nanopore que establecieron el vinculo genetico entre los aislamientos del alcantarillado de Londres",Klapsa_2022,OK,"Klapsa p.1531,1533,1536",,ninguna,"Coincide","""Whole-genome sequences generated through nanopore sequencing established linkage of isolates and confirmed transmission of a unique recombinant poliovirus lineage"" (klapsa-2022, p.1531); ""a novel nanopore protocol to quickly generate whole-genome sequences of multiple type 2 poliovirus isolates"" (klapsa-2022, p.1533)",
INTROD-Nanopore-04,Nanopore (ONT),"Shaw argumentaron su potencial para acortar la confirmacion de brotes",Shaw_2022,OK,"Shaw p.453,461",,ninguna,"Coincide","""New VDPV2 outbreaks were confirmed a median of 35 days... after paralysis onset, which we estimate could be reduced to 16 days by DDNS"" (shaw-2022, p.453); ""negative results confirmed within 3 days rather than 2 weeks"" (shaw-2022, p.461)",
INTROD-Nanopore-05,Nanopore (ONT),"En RSV, Le recuperaron genomas completos con cobertura alta en muestras de cargas superiores a 10 000 copias/mL",Le_2025,OK,"Le p.1,5",,ninguna,"Umbral y unidades exactos confirmados; cobertura alta = >90%","""Whole genomes (> 90% coverage) were obtained from 98% of samples with > 10,000 copies/mL"" (Le-2025, p.1); ""Complete genomes (coverages > 90%) were resolved from 118 of 122 (97%) samples with a viral load of > 10,000 copies/mL"" (Le-2025, p.5)",
INTROD-Nanopore-06,Nanopore (ONT),"La tasa de error cruda de Nanopore es superior a la de plataformas de lectura corta; el control de calidad, la generacion de consenso y la seleccion de referencias reducen el impacto de esos errores",Dash_2024,OK,"Dash p.90,92",,ninguna,"Coincide (la 'seleccion adecuada de referencias' queda solo laxamente sostenida por 'compared to reference databases')","""As the error rate of nanopore reads is higher compared to most NGS methods, a well-performing data-analysis workflow is crucial to obtain highly accurate consensus sequences, which can be compared to reference databases"" (Dash, p.92)","'seleccion adecuada de referencias' solo laxamente respaldada; el foco del libro es filtrado por calidad/tamano, clustering, consenso y pulido"
INTROD-Nanopore-07,Nanopore (ONT),"En aguas residuales estos pasos cobran mayor peso por la presencia de mezclas virales, ARN fragmentado y cobertura desigual entre amplicones",Child_2023,OK,"Child p.7,9,11",,ninguna,"Coincide (armado de varios pasajes)","""wastewater samples containing variant mixtures"" (child-2023, p.9); ""nucleic acid degradation in wastewater samples"" (child-2023, p.11); ""coverage depth was heavily skewed toward the 3' end of the genome"" (child-2023, p.7)",
INTROD-Variabilidad-01,Variabilidad genetica,"En SARS-CoV-2 la vigilancia genomica de aguas residuales identifica variantes prevalentes y estima mezclas de linajes en la comunidad conectada al alcantarillado",Crits_Christoph_2021;Karthikeyan_2022,OK,"Karthikeyan p.107; Crits-Christoph p.1",,ninguna,"Karthikeyan sostiene la estimacion de mezclas; Crits-Christoph sostiene la identificacion de variantes prevalentes","""Wastewater is an information-dense resource for estimating the prevalence of specific viral lineages... Freyja deconvolutes these information-rich mixtures of virus lineages"" (karthikeyan-2022, p.107); ""Genome Sequencing of Sewage Detects Regionally Prevalent SARS-CoV-2 Variants"" (crits-christoph-2021, p.1)","Crits-Christoph por si solo NO estima mezclas de linajes (eso es Freyja/Karthikeyan); la cita combinada queda cubierta porque Karthikeyan aporta la parte de mezclas"
INTROD-Variabilidad-02,Variabilidad genetica,"En RSV la clasificacion por subgrupos y clados depende de las referencias adecuadas para evitar asignaciones incompletas",Le_2025,OK,"Le p.2-3",,ninguna,"Coincide","""the use of an incorrect RSV subtype as a reference in the ARTIC pipeline significantly reduced read mapping efficiency"" (Le-2025, p.2); ""usage of the wrong reference sequence leads to read alignment coverage dropouts"" (Le-2025, p.3)",
INTROD-Variabilidad-03,Variabilidad genetica,"En poliovirus la comparacion de VP1 y genomas completos distingue cepas Sabin-like, salvajes y derivadas de vacuna, y reconstruye los vinculos entre eventos de deteccion ambiental",Klapsa_2022;Bottcher_2025,PARCIAL,"Bottcher p.1,3,5,7",cifra_o_detalle_no_respaldado,revisar_redaccion,"VP1 + genoma completo y la reconstruccion de vinculos entre detecciones estan soportados; la distincion de la cepa 'salvaje' NO se demuestra (los datos de Bottcher y Klapsa son cVDPV2, el poliovirus salvaje aparece solo como contexto de fondo)","""amplification of the virus protein 1 (VP1) region and/or the near whole genome region... followed by Sanger or Oxford nanopore technology (ONT) sequencing"" (bottcher-2025, p.3); ""All cVDPV2 strains were genetically related to each other and showed 43-52 VP1 nt differences from the Sabin 2"" (bottcher-2025, p.5)","'salvajes' sobrepasa a estas dos fuentes (ambas cVDPV2). La distincion Sabin-like vs derivada de vacuna via VP1 si esta bien fundada en la seccion previa (Zurbriggen/Asghar). Ajustar el alcance o citar fuente de poliovirus salvaje"
INTROD-Variabilidad-04,Variabilidad genetica,"Su valor epidemiologico depende de criterios explicitos de cobertura, profundidad, calidad de lectura y abundancia relativa",Parkins_2023;Child_2023,PARCIAL,"Parkins p.25",cifra_o_detalle_no_respaldado,revisar_redaccion,"De los cuatro criterios, solo 'abundancia relativa' es literal en Parkins; 'profundidad', 'calidad de lectura' y 'cobertura' (de secuenciacion) no aparecen en Parkins ni se enumeran asi en Child","""Detecting variants and their relative abundance depends on software packages, such as ASPICov... Freyja"" (parkins-2023, p.25)","La formulacion de cuatro criterios explicitos no esta respaldada; 'depth' no aparece en Parkins y 'coverage' solo se usa en otros sentidos. Reformular a lo que la fuente sostiene o citar una fuente que enumere estos criterios"
INTROD-Variabilidad-05,Variabilidad genetica,"La representacion de linajes minoritarios puede alterarse por degradacion del ARN, competencia entre amplicones y eleccion de la referencia, factores que MejiaCalle y Le reconocieron en muestras de baja carga",MejiaCalle_2024;Le_2025,OK,"MejiaCalle p.60,62; Le p.6-7",,ninguna,"Coincide: ambos reconocen limitaciones en muestras de baja carga","""the focus on high viral load samples, may have limited the detection of lower-frequency lineages"" (MejiaCalle, p.62); ""Due to the low read count, the detection was less precise... variants could only be resolved down to the parent variant B.D.4.1"" (Le-2025, p.6)",
INTROD-Bioinformatica-01,Herramientas bioinformaticas (puente),"La bioinformatica aplica metodos computacionales al analisis de secuencias de acidos nucleicos y convierte las lecturas crudas en informacion sobre la identidad y la composicion de los virus",Dash_2024,VAGA,"Dash p.7,59",cita_no_sostiene_afirmacion,revisar_redaccion,"No existe una frase definitoria de 'bioinformatica' en el libro; hay descripciones funcionales del flujo de analisis. La conversion de lecturas crudas en identidad/composicion es parafrasis, no texto literal","""Bioinformatics analyses are then used to piece together these fragments by mapping the individual reads to the human reference genome"" (Dash, p.59)","No hay definicion literal de bioinformatica en Dash. La afirmacion es sostenible como parafrasis funcional pero no como cita textual; considerar suavizar o anadir fuente que defina el termino"
INTROD-Bioinformatica-02,Herramientas bioinformaticas (puente),"En aguas residuales el analisis afronta mezclas de genomas de distintos individuos, material degradado y cobertura desigual entre regiones",Child_2023,PARCIAL,"Child p.2,7,11",cifra_o_detalle_no_respaldado,revisar_redaccion,"Material degradado y cobertura desigual estan literales; 'mezclas de genomas de distintos individuos' solo esta implicito (WBE agrupa poblaciones / 'variant mixtures'), no enunciado asi","""nucleic acid degradation in wastewater samples"" (child-2023, p.11); ""coverage depth was heavily skewed toward the 3' end of the genome"" (child-2023, p.7); ""sample from both asymptomatic and symptomatic individuals and from a broad range of communities"" (child-2023, p.2)","'mezclas de genomas de distintos individuos' es implicito en Child, no literal"
INTROD-Procesamiento-01,Procesamiento de secuencias,"El procesamiento abarca demultiplexado, eliminacion de adaptadores, filtrado por calidad, mapeo contra referencias, generacion de consenso o ensamblaje, con estimacion de la cobertura por posicion",Dash_2024,PARCIAL,"Dash p.7,52,67",cifra_o_detalle_no_respaldado,revisar_redaccion,"Adaptadores, filtrado de calidad, mapeo, ensamblaje, demultiplexado y consenso estan soportados; 'estimacion de la cobertura por posicion' NO esta literal en el libro","""Preprocessing the data to remove adapter sequences and low-quality reads, mapping the data to a reference genome or de novo alignment"" (Dash, p.7); ""an 8-bp sequence that is used to demultiplex the sample data"" (Dash, p.67); ""alignment of reads to a reference sequence; de novo assembly... base-calling; and genetic variation detection"" (Dash, p.52)","'cobertura por posicion' no aparece; el libro menciona 'coverage' de forma general. Quitar 'por posicion' o citar fuente especifica"
INTROD-Procesamiento-02,Procesamiento de secuencias,"ONT produce lecturas largas y requiere basecalling previo (QC orientado a longitud y error); Illumina genera lecturas cortas y pareadas (QC en calidad por base y emparejamiento de extremos)",Dash_2024,PARCIAL,"Dash p.38,42,86",cifra_o_detalle_no_respaldado,revisar_redaccion,"Basecalling ONT y lecturas cortas Illumina por SBS estan soportados; 'pareadas/paired-end' NO se enuncia literalmente, solo se infiere de la notacion de tabla (2x75-2x300 bp)","""This process is called base calling and is performed by machine learning algorithms"" (Dash, p.86); ""Current SBS methods... rely on shorter reads... short DNA sequence reads (50e300 nucleotides)"" (Dash, p.38); notacion ""2x75e2x300 bp"" para Illumina (Tabla 3.2, Dash p.42)","La palabra 'paired-end/pareadas' no aparece; solo implicita en la notacion 2x de la tabla. QC 'orientado a longitud y error' vs 'calidad por base' es parafrasis razonable"
INTROD-Procesamiento-03,Procesamiento de secuencias,"Child, al comparar metagenomica, captura hibrida y PCR dirigida, hallaron diferencias marcadas en la cobertura de virus humanos",Child_2023,OK,"Child p.1,10",,ninguna,"Coincide: los tres metodos se comparan y hay diferencias marcadas","""the utility of metagenomic shotgun sequencing, hybrid-capture enrichment, and targeted amplicon sequencing was compared"" (child-2023, p.10); ""Tiled-PCR sequencing led to further improvements in genome coverage compared to hybrid capture..."" (child-2023, p.1)",
INTROD-Procesamiento-04,Procesamiento de secuencias,"El antecedente de Quitumbe reproduce ese limite, pues la estimacion de linajes de SARS-CoV-2 con Freyja solo rindio en las muestras con carga viral alta y amplificacion eficiente",MejiaCalle_2024,PARCIAL,"MejiaCalle p.58,60,62",cita_no_sostiene_afirmacion,revisar_redaccion,"La tesis asigno linajes a TODAS las muestras secuenciadas, preseleccionadas por Cq bajo; no atribuye a Freyja un requisito de carga alta + amplificacion eficiente","""we successfully assigned lineages to all sequenced samples by selecting them based on their Ct values obtained through qPCR"" (MejiaCalle, p.58); ""the Ct values used to select sequenced samples likely prioritized those with higher viral loads"" (MejiaCalle, p.60)","La tesis nunca dice que Freyja 'solo rindio' con carga alta ni menciona 'amplificacion eficiente' como requisito de Freyja. Reformular: la asignacion se hizo sobre muestras preseleccionadas por Cq bajo; las de Cq muy tardio no se secuenciaron"
INTROD-Procesamiento-05,Procesamiento de secuencias,"Comparar entre fechas o patogenos exige registrar los metadatos de cada analisis (fecha, punto de muestreo, metodo de concentracion, controles, valores de Cq, plataforma y version de herramientas)",Parkins_2023,PARCIAL,"Parkins p.10-11,25",cifra_o_detalle_no_respaldado,revisar_redaccion,"El principio general de metadatos y campos como fecha/ubicacion estan soportados; la lista especifica 'metodo de concentracion, controles, Cq, plataforma, version de herramientas' NO figura en la enumeracion de metadatos de Parkins","""Typical metadata include sample location, collection date and time, total volume collected, type of sample... flow data... weather... ambient temperature... shipping conditions"" (parkins-2023, p.10-11); actualizacion de software: ""these pipelines... rely on the underlying databases being continually updated"" (parkins-2023, p.25)","Los campos Cq/plataforma/version no estan en la lista de metadatos de Parkins. El principio (registrar metadatos para comparar) si; ajustar la lista a lo que la fuente enumera"
INTROD-CaractGenetica-01,Caracterizacion genetica,"Freyja es una herramienta bioinformatica que estima proporciones de variantes de un virus en muestras mixtas, comparando lecturas o consensos con bases de datos de referencia",Karthikeyan_2022,OK,"Karthikeyan p.101,103",,ninguna,"Coincide","""we developed Freyja, a tool to estimate the relative abundance of virus lineages in a mixed sample"" (karthikeyan-2022, p.103); ""inability to estimate relative lineage abundance in mixed samples"" (karthikeyan-2022, p.101)",
INTROD-CaractGenetica-02,Caracterizacion genetica,"En la PTAR Quitumbe se uso Freyja para asignar linajes de Omicron a partir de datos ambientales",MejiaCalle_2024,OK,"MejiaCalle p.45,47",,ninguna,"Coincide","""SARS-CoV-2 lineages from PTAR Quitumbe assigned by FREYJA"" (MejiaCalle, Fig.11 p.47); ""Figure 11 shows a predominance of the BA.2.86 lineage, which belongs to the Omicron variant"" (MejiaCalle, p.45)",
INTROD-CaractGenetica-03,Caracterizacion genetica,"Crits-Christoph identificaron variantes prevalentes en aguas residuales de la region cuando la cobertura era suficiente en las posiciones informativas del genoma (sitios con mutaciones caracteristicas que distinguen una variante de otra)",Crits_Christoph_2021,PARCIAL,"Crits-Christoph p.1,3,4,5",cita_no_sostiene_afirmacion,revisar_redaccion,"La identificacion de variantes prevalentes de la region cuando hay cobertura suficiente esta soportada, pero Crits-Christoph exige genomas completos (>99%), no cobertura en 'posiciones informativas'; el concepto de sitios diagnosticos/mutaciones definitorias corresponde a Freyja/Karthikeyan, no a este paper","""Genome Sequencing of Sewage Detects Regionally Prevalent SARS-CoV-2 Variants"" (crits-christoph-2021, p.1); ""genomic accuracy for recovery of consensus SARS-CoV-2 genomes so long as sufficient coverage is achieved"" (crits-christoph-2021, p.4); ""We obtained complete consensus SARS-CoV-2 genomes (breadth of coverage >99%) from 7 of 22 samples"" (crits-christoph-2021, p.3)","El matiz de 'cobertura en posiciones informativas / mutaciones caracteristicas' es capacidad de Freyja (Karthikeyan), no de Crits-Christoph, que requiere genoma casi completo. Reatribuir ese matiz o reformular"
INTROD-CaractGenetica-04,Caracterizacion genetica,"En RSV, Le desarrollaron RSVTyper, herramienta que genera la deteccion automatica del subgrupo y la seleccion de referencia del virus",Le_2025,OK,"Le p.3",,ninguna,"Coincide","""an automatic RSV subtype detection as a first step before implementation of the ARTIC pipeline... the RSVTyper aligns all reads against a panel of RSV-A and RSV-B sequences"" (Le-2025, p.3); ""a final reference selection step that detects the most suitable reference"" (Le-2025, p.3)","El paper usa 'subtype' para RSV-A/B (equivalente a subgrupo)"
INTROD-CaractGenetica-05,Caracterizacion genetica,"En poliovirus la identificacion se apoya en la diferenciacion intratipica y en la secuenciacion de la region VP1 para reconocer cepas relacionadas o derivadas de vacuna",Asghar_2014;Klapsa_2022,OK,"Klapsa p.1533,1536",,ninguna,"Klapsa sostiene VP1/genoma y vinculo entre aislamientos; la diferenciacion intratipica es metodo central de Asghar (GPEI)","""Extensive whole-genome characterisation of all 118 type 2 poliovirus isolates identified unique genetic features"" (klapsa-2022, p.1536)","Asghar_2014 no re-verificado en esta pasada (marcado 'descargado en auditoria' en el mapa); la diferenciacion intratipica es su tema central. Recomendable confirmar cita a Asghar en la pasada de su verificador"
INTROD-CaractGenetica-06,Caracterizacion genetica,"La deteccion de una variante minoritaria se logra mediante cobertura del genoma o regiones diagnosticas, concordancia entre replicas y frecuencia relativa del linaje, para reducir reportes enganosos por error de secuenciacion o contaminacion cruzada",Dash_2024;Child_2023,PARCIAL,"Child p.9",cita_no_sostiene_afirmacion,revisar_redaccion,"Solo el elemento de 'cobertura de regiones diagnosticas' tiene apoyo en Child; concordancia entre replicas, frecuencia relativa como umbral, error de secuenciacion y contaminacion cruzada NO se discuten como criterios en Child (ni verificado en Dash)","""many sequences could not be assigned, possibly due to coverage of amplicon regions not containing variations required for differentiation of genotypes"" (child-2023, p.9); ""tiled-PCR sequencing can improve the resolution of variant detection... in wastewater samples containing variant mixtures"" (child-2023, p.9)","'concordancia entre replicas' y 'contaminacion cruzada' no estan en Child; el conjunto de criterios es en gran parte no respaldado por estas fuentes. Reformular o citar fuente que enumere estos criterios de confianza"
INTROD-Interpretacion-01,Interpretacion y limitaciones,"Una senal positiva indica presencia de material genetico compatible con el blanco, pero su magnitud varia por la matriz, de modo que las tendencias y comparaciones bajo condiciones similares son mas informativas que las lecturas aisladas",Parkins_2023;Hughes_2022,PARCIAL,"Hughes p.176",cita_no_sostiene_afirmacion,revisar_redaccion,"La variacion de magnitud y el enfasis en tendencias estan soportados en Hughes, pero la comparacion explicita 'mas informativas que las lecturas aisladas' no esta enunciada literalmente (es inferencial)","""Concentrations of the RSV N gene in wastewater solids ranged from nondetect to 6.2 x 10^4 copies/g dry weight"" (hughes-2022, p.176); ""The temporal trend in RSV RNA concentrations in settled solids mirrors state-wide trends in RSV positivity rate"" (hughes-2022, p.176)","'mas informativas que las lecturas aisladas' no es literal en Hughes; ninguna frase contrasta tendencias vs lecturas aisladas. Parkins tambien co-citado. Suavizar o reatribuir"
INTROD-Interpretacion-02,Interpretacion y limitaciones,"Child documentaron que la metagenomica shotgun puede ser insuficiente para recuperar genomas virales sin enriquecimiento previo, y que los metodos dirigidos aumentan la cobertura pero requieren conocimiento previo del genoma",Child_2023,OK,"Child p.1,10,12",,ninguna,"Coincide plenamente","""untargeted metagenomic sequencing is likely to be insufficient for genomic surveillance... unless viral concentration can be enhanced further"" (child-2023, p.10); ""these methods... require prior knowledge of the target genome(s)"" (child-2023, p.1)",
INTROD-Interpretacion-03,Interpretacion y limitaciones,"En la PTAR Quitumbe, las muestras con Cq tardios tuvieron menor exito de secuenciacion y los cambios de cebadores afectaron la asignacion de linajes",MejiaCalle_2024,OK,"MejiaCalle p.45,62",,ninguna,"Coincide","""only 36 samples could be sequenced, as the remaining 11 samples had very late CT values"" (MejiaCalle, p.45); ""the change in primers... impacted the detection of circulating lineages and led to the identification of primitive lineages"" (MejiaCalle, p.62)",
INTROD-Interpretacion-04,Interpretacion y limitaciones,"Una planta de tratamiento representa a una poblacion conectada al alcantarillado, con variaciones por movilidad, cobertura de red y aportes no domesticos; los datos ambientales evidencian circulacion y tendencias, mientras la atribucion a barrios o grupos requiere disenos y metadatos adicionales",Parkins_2023;Sims_2020,OK,"Parkins p.8-9,11,26; Sims p.4-5",,ninguna,"Bien soportado por Parkins (senal comunitaria integrada, aportes no domesticos, necesidad de zoom-in/diseno); Sims respalda la poblacion agrupada conectada","""providing an integrated SARS-CoV-2 signal for the entire community served by that system"" (parkins-2023, p.26); ""non-feces-containing wastewater from non-resident sources (i.e., commercial and industrial discharges)"" (parkins-2023, p.11); ""WWTPs serve communities located in well-defined geographical sewerage catchment areas... whole population contributes"" (sims-2020, p.4)","En Sims la parte de 'atribucion a subpoblaciones requiere diseno adicional' no es literal (Sims lo plantea como limitacion inherente); esa parte la cubre mejor Parkins (p.8-9)"
RES-ENC-01,Encabezado,"Conteos de muestras y rendimiento por virus",,SIN_FUENTE,-,dato_propio,mantener,,"dato_propio (conteos/tablas del estudio)","Sin cita; correcto."
RES-CUANT-01,Cuantificacion RT-qPCR,"Cq N1 por grupo (linaje 34,0; sin caract. 36,6; no secuenc. 38,5); solapamiento de rangos",,SIN_FUENTE,-,dato_propio,mantener,,"dato_propio (valores Cq medidos)","Sin cita; correcto."
RES-SARS-01,Dinamica SARS,"JN.1 en aguas de Quito coincide con antecedente local (antes que en clinica)",MejiaCalle_2024,OK,resumen,,mantener,,"""se detecto el linaje JN.1...en octubre de 2023 y febrero de 2024, en proporciones similares a las de las muestras clinicas...y en algunos casos, incluso antes de ser identificadas clinicamente"" (00331348-MejiaCalle, resumen)","Verificado."
RES-SARS-02,Dinamica SARS,"La secuenciacion de aguas identifica variantes regionalmente prevalentes",Crits_Christoph_2021,OK,p.1,,mantener,,"""Genome Sequencing of Sewage Detects Regionally Prevalent SARS-CoV-2 Variants"" (crits-christoph-2021, p.1)","Titulo literal."
RES-SARS-03,Dinamica SARS,"Brecha deteccion/caracterizacion coherente con baja carga y Cq tardios",MejiaCalle_2024,OK,resumen,,mantener,,"""aunque el SARS-CoV-2 seguia siendo detectable, solo se identificaron secuencias conservadas, lo que llevo a la asignacion incorrecta de linajes"" (00331348-MejiaCalle, resumen)","Verificado."
RES-SARS-04,Dinamica SARS,"Baja proporcion viral / cobertura insuficiente para Cq tardios",Parkins_2023,OK,secc. secuenciacion,,mantener,,"""the diversity of SARS-CoV-2 lineages present represents only a tiny fraction of the total nucleic acids...shotgun metatranscriptomic sequencing...very low proportions of reads mapping to SARS-CoV-2"" (parkins-2023)","Verificado."
RES-SARS-05,Dinamica SARS,"Dificultad de recuperar genomas de matrices dominadas por material no viral",Child_2023,OK,p.1-2,,mantener,,"""samples dominated by bacteria""; ""the sewage virome is dominated by bacteriophages and plant viruses"" (child-et-al-2023)","Verificado."
RES-ENT-01,Enterovirus,"El flujo recupero enterovirus, en linea con vigilancia de enterovirus no polio",Bubba_2023,OK,p.1,,mantener,,"""Wastewater Surveillance in Europe for Non-Polio Enteroviruses"" (microorganisms-11-02496, p.1)","Titulo literal."
RES-ENT-02,Enterovirus,"Deteccion molecular directa capta enterovirus que la vigilancia de PFA no ve",Asghar_2014,PARCIAL,p.1-3,matiz_terminologia,revisar,"Asghar es estricto de poliovirus/WPV (PFA=vigilancia de polio); el texto lo generaliza a 'enterovirus'.","""sewage samples...even in the absence of confirmed WPV cases detected through AFP surveillance"" (asghar-2014, p.1-3)","Extension defendible (polio es enterovirus); precisar."
RES-ENT-03,Enterovirus,"Deteccion molecular directa capta enterovirus que la clinica no ve",Bottcher_2025,PARCIAL,p.1,matiz_terminologia,revisar,"Bottcher es sobre cVDPV2 (poliovirus), no enterovirus no polio.","""As a supplementary system to clinical diagnosis, wastewater-based poliovirus surveillance offers the opportunity to detect...at an early stage"" (eurosurv-30-3-1, p.1)","Mismo matiz que Asghar."
RES-ENT-04,Enterovirus,"Ausencia de poliovirus concuerda con pais IPV sin circulacion; deteccion infrecuente exige metodos sensibles",Zurbriggen_2008,OK,p.1,matiz,mantener,,"""Isolation of Sabin-Like Polioviruses from Wastewater in a Country Using Inactivated Polio Vaccine""; ""not consistent with extended circulation"" (zurbriggen-2008, p.1)","Suiza aislo Sabin-like (residual OPV); Ecuador (IPV exclusivo) coherente."
RES-ENT-05,Enterovirus,"La deteccion ambiental de poliovirus es infrecuente y exige metodos sensibles",Asghar_2014,OK,p.1-2,,mantener,,"""ES programs must be developed in a manner that is sensitive"" (asghar-2014)","Verificado."
RES-RSV-01,RSV,"Ausencia de caracterizacion coherente con requerimiento de >10.000 copias/mL",Le_2025,OK,p.1,,mantener,,"""(>90% coverage) were obtained from 98% of samples with >10,000 copies/mL"" (s41598-025-20371-5, p.1)","Cifra exacta."
RES-RSV-02,RSV,"Senal de RSV sin caracterizacion reproduce asociacion via cuantificacion, no secuenciacion",Hughes_2022,OK,p.1,,mantener,,"""its concentration in settled solids is strongly associated (Kendall's tau = 0.65-0.77, p<10-7) with clinical positivity rates for RSV"" (hughes-2022, p.1)","Via ddPCR; verificado."
RES-COMP-01,Comparacion temporal,"Ventanas con escaso solapamiento; SARS sem 3-9; enterovirus feb 2026; RSV mar-abr 2026",,SIN_FUENTE,-,dato_propio,mantener,,"dato_propio","Sin cita; correcto."
RES-SINT-01,Sintesis,"Recuperacion SARS en semanas de alta carga; Coxsackie A sin polio; RSV sin caract.; retrospectivas sin secuencia",,SIN_FUENTE,-,dato_propio,mantener,,"dato_propio","Sin cita; correcto."
INTROC-SARS-01,Virus de interes: SARS-CoV-2,"SARS-CoV-2 es betacoronavirus de Coronaviridae, con envoltura y genoma ssRNA(+) cercano a 30 kb, el mayor entre los virus de ARN; su espicula une ACE2 y causa COVID-19",Murray_2021,PARCIAL,Murray 9a ed p.472-476,atribucion_fuente,corregir,"Murray solo respalda biologia generica del coronavirus (envuelto, ssRNA+, genoma de cadena + mas largo, 27000-30000 bases); NO menciona SARS-CoV-2, betacoronavirus, Coronaviridae, ACE2 ni COVID-19 (el capitulo es pre-pandemia: coronavirus del resfriado, SARS-CoV 2002 y MERS-CoV)","""El gran genoma de ARN de cadena positiva (27.000 a 30.000 bases)... poseen el genoma mas largo de acido ribonucleico (ARN) de cadena positiva"" (Murray 9a ed, p.472)","GRAVE: betacoronavirus, Coronaviridae, ACE2 y COVID-19 son SIN_FUENTE en Murray; requieren otra cita. '30 kb' es rango 27-30 kb. 'mayor entre virus de ARN' el libro lo restringe a ARN de cadena positiva. Envoltura y ssRNA(+) si estan OK en Murray. PDF escaneado, verificado por OCR."
INTROC-SARS-02,Virus de interes: SARS-CoV-2,"Omicron acumulo entre 26 y 32 mutaciones en la proteina de espicula",Zahmatkesh_2022,OK,seccion variantes,,mantener,,"""The Omicron variant is notable for having 26-32 mutations in the spike protein"" (Zahmatkesh 2022, hazadv)","Cifra 26-32 verificada textual."
INTROC-SARS-03,Virus de interes: SARS-CoV-2,"El seguimiento genomico de variantes se convirtio en prioridad de salud publica",Karthikeyan_2022,OK,abstract,,mantener,,"""Timely and accurate quantification of local prevalence of SARS-CoV-2 variants is thus essential for effective public health"" (Karthikeyan 2022, s41586-022-05049-6, abstract)","Claim de contexto, respaldado."
INTROC-SARS-04,Virus de interes: SARS-CoV-2,"Los genes N1 y N2 de la nucleocapside se adoptaron de forma amplia como blancos de RT-qPCR para deteccion en aguas residuales",Ahmed_2020,NO,Ahmed p.3 (Tabla 1),atribucion_fuente,corregir,"Ahmed 2020 NO uso N1/N2: uso los ensayos N_Sarbeco y NIID_2019-nCoV_N. Ahmed atribuye N1/N2/N3 al CDC y a Medema (Paises Bajos), no a su propio estudio","""For the detection of SARS-CoV-2, the N_Sarbeco and NIID_2019-nCoV_N assays were used"" y ""CDC N1, N2 and N3... have been used to detect SARS-CoV-2 in wastewater samples from the Netherlands (Medema et al.)"" (ahmed-2020)","Misatribucion. Si se conserva la idea de adopcion amplia de N1/N2, citar protocolo CDC o Medema; si se cita Ahmed, decir que uso N_Sarbeco y NIID."
INTROC-SARS-05,Virus de interes: SARS-CoV-2,"La secuenciacion identifica variantes regionalmente prevalentes cuando hay cobertura suficiente en las posiciones informativas",Crits_Christoph_2021,OK,titulo y resultados,matiz_parafrasis,mantener,,"""Genome Sequencing of Sewage Detects Regionally Prevalent SARS-CoV-2 Variants"" y ""genomic accuracy for recovery of consensus SARS-CoV-2 genomes so long as sufficient coverage is achieved"" (crits-christoph-2021)","'posiciones informativas' es parafrasis; la fuente dice 'sufficient coverage / breadth of coverage'. Idea defendible."
INTROC-SARS-06,Virus de interes: SARS-CoV-2,"Karthikeyan resolvio la estimacion de linajes en 295 dias en UCSD, alcanzo cobertura ~95% con cargas bajas, desarrollo Freyja (deconvolucion de proporcion de linajes) y detecto VOC hasta 14 dias antes que la clinica",Karthikeyan_2022,OK,abstract y texto,,mantener,,"""295-day wastewater and clinical sequencing effort"" / ""near 95% genome coverage even for samples with low viral load"" / ""we developed Freyja, a tool to estimate the relative abundance of virus lineages in a mixed sample"" / ""detected emerging variants of concern up to 14 days earlier in wastewater samples"" (Karthikeyan 2022)","Todas las cifras (295, 95%, 14 dias, UCSD, Freyja) verificadas textualmente."
INTROC-SARS-07,Virus de interes: SARS-CoV-2,"En la PTAR Quitumbe se aplico Oxford Nanopore y Freyja para asignar linajes de Omicron desde muestreo pasivo, con deteccion ambiental de JN.1 antes de su identificacion clinica local",MejiaCalle_2024,OK,resumen y texto,,mantener,,"""la variante omicron, con linajes como HN.1, EG.5.1.6, XBB.1.5.1.5 y HV.1"" y ""the JN.1 lineage was first detected in wastewater, preceding its appearance in clinical samples by several months. The same phenomenon occurred in our study in Ecuador"" (00331348-MejiaCalle)","Antecedente local, verificado."
INTROC-RSV-01,Virus de interes: RSV,"RSV es virus con envoltura y genoma ssRNA de sentido negativo, de la familia Pneumoviridae",Murray_2021,PARCIAL,Murray Cap.48 (PDF p.491-501),clasificacion_desactualizada,corregir,"Murray 9a ed clasifica al VRS en la familia PARAMYXOVIRIDAE (Tabla 48.1), subfamilia Pneumovirinae, genero Pneumovirus; NO usa la familia 'Pneumoviridae'. Envoltura y ssRNA(-) si estan OK","""Virion grande constituido por un genoma de ARN de sentido negativo en una nucleocapside helicoidal rodeada por una envoltura"" y Tabla 48.1 'Paramyxoviridae': ""Pneumovirus -> Virus respiratorio sincitial"" (Murray 9a ed, Cap.48)","'Pneumoviridae' es la taxonomia ICTV moderna (2016), no la de Murray. Corregir la fuente de la familia o cambiar clasificacion citada. PDF escaneado, verificado por OCR."
INTROC-RSV-02,Virus de interes: RSV,"Se diferencian dos subgrupos antigenicos RSV-A y RSV-B cuya predominancia alterna entre temporadas",Lansivaara_2024;Zambrana_2024,OK,Zambrana p.1; Lansivaara abstract,matiz_terminologico,mantener,,"""It has two subtypes, RSV A and RSV B, but little is known regarding the predominance of these subtypes during different seasons"" y ""typically one subtype predominates in a particular season"" (zambrana-et-al-2024)","La alternancia la sostiene Zambrana; Lansivaara solo confirma existencia de A/B. Fuentes dicen 'subtypes'; tesis dice 'subgrupos antigenicos'."
INTROC-RSV-03,Virus de interes: RSV,"En Estados Unidos RSV provoca hasta 80.000 hospitalizaciones pediatricas anuales",Zulli_2024,OK,Introduction,,mantener,,"""In the US, RSV annually accounts for up to 80,000 hospitalizations and over 520,000 emergency department visits in children under 5"" (Zulli 2024, observations RSV)","'up to' = 'hasta'. Cifra verificada."
INTROC-RSV-04,Virus de interes: RSV,"A escala global se atribuyen a RSV mas de 100.000 muertes anuales en menores de cinco anos",Zulli_2024,PARCIAL,Introduction,sobreespecificacion,corregir,"La fuente dice 'over 100,000 pediatric deaths worldwide', sin restringir a menores de 5 anos; el calificador '<5' en Zulli aplica a hospitalizaciones/urgencias, no a las muertes","""[RSV] is responsible for over 100,000 pediatric deaths worldwide each year"" (Zulli 2024)","La tesis sobre-especifica 'menores de cinco anos' para las muertes. Corregir a 'muertes pediatricas en el mundo' o citar otra fuente que precise <5."
INTROC-RSV-05,Virus de interes: RSV,"La aparicion de inmunizacion pasiva y de vacunas dirigidas incrementa la necesidad de observar la circulacion del virus y la diversidad de sus subgrupos",Mercier_2025,PARCIAL,Mercier p.3,cita_insuficiente,corregir,"Mercier respalda inmunizacion pasiva (palivizumab, nirsevimab) y vacuna materna RSVpreF y la necesidad de vigilancia para guiar la inmunoprofilaxis; NO trata 'diversidad de subgrupos' RSV-A/B","""monoclonal antibodies, palivizumab and nirsevimab, and maternal RSVpreF vaccine"" (Mercier 2025)","'diversidad de sus subgrupos' no esta en Mercier; apoyar esa parte en Zambrana o Le, o retirarla de la cita a Mercier."
INTROC-RSV-06,Virus de interes: RSV,"Hughes establecio la asociacion entre el ARN de RSV en solidos sedimentados y la positividad clinica (Kendall tau = 0,65-0,77)",Hughes_2022,OK,abstract y resultados,,mantener,,"""its concentration in settled solids is strongly associated (Kendall's tau = 0.65-0.77, p < 10-7) with clinical positivity rates for RSV"" (Hughes 2022)","Matriz (settled solids) y rango tau verificados exactamente."
INTROC-RSV-07,Virus de interes: RSV,"Zulli extendio la deteccion a 176 sitios de EEUU en la temporada 2022-2023, con concentraciones hasta 10^7 copias/g correlacionadas con positividad y hospitalizacion a escala estatal y nacional",Zulli_2024,OK,p.4 y resultados,,mantener,,"""concentrations in wastewater solids from 176 sites during the 2022-2023 Season"" / ""Concentrations ranged from undetectable to 10^7 copies per gram"" / ""RSV RNA concentration aggregated at state and national levels correlated with infection positivity and hospitalization rates"" (Zulli 2024)","176 sitios, 2022-2023, 10^7 copias/g, correlacion estatal/nacional: todas verificadas."
INTROC-RSV-08,Virus de interes: RSV,"Lansivaara evaluo vigilancia nacional en Finlandia con 150 muestras de diez plantas que cubren el 40% de la poblacion, correlaciones con incidencia de 0,41-0,87, y con incidencia >4 casos/100.000/semana el virus se detecto en todas las muestras",Lansivaara_2024,OK,abstract y resultados,,mantener,,"""150 samples that were collected monthly... from ten wastewater treatment plants that cover 40% of the Finnish population"" / ""correlation coefficient, CCmin = 0.412, max = 0.865"" / ""RSV was detected in all samples when the incidence of RSV exceeded four cases per 100,000 persons in the sampling week"" (Lansivaara 2024)","150, 10 plantas, 40%, 0.41-0.87, umbral 4/100.000: todas verificadas. En discusion aparece otro umbral (5/100.000) de Lehto et al., no del estudio propio."
INTROC-RSV-09,Virus de interes: RSV,"Le desarrollo un flujo de amplificacion y WGS con Oxford Nanopore para muestras clinicas y de aguas residuales, con alta cobertura en cargas >10.000 copias/mL, e integro en RSVTyper la deteccion automatica de subgrupo y la seleccion de referencia",Le_2025,OK,resultados y metodos,,mantener,,"""Whole genomes (> 90% coverage) were obtained from 98% of samples with > 10,000 copies/mL"" y ""the RSVTyper aligns all reads against a panel of RSV-A and RSV-B"" con seleccion automatica de referencia (Le 2025, s41598-025-20371-5)","Cargas >10.000 copias/mL, RSVTyper y Nanopore verificados."
INTROC-RSV-10,Virus de interes: RSV,"Zambrana mostro que la proporcion de RSV-A respecto al total de RSV puede medirse en solidos de aguas residuales y reproduce los cambios temporales y espaciales de subgrupos observados en muestras clinicas",Zambrana_2024,OK,resultados,,mantener,,"""the proportion of RSV A to total RSV (RSV A + RSV B) in each wastewater sample (PA,WW)"" / ""A median PA,WW of 0.00 in the first season and 0.58 in the second season indicated a temporal shift"" / ""The same subtype predominated in wastewater and clinical samples"" (zambrana-et-al-2024)","Proporcion medible en solidos y concordancia temporal/espacial con clinica verificadas."
INTROC-RSV-11,Virus de interes: RSV,"La representacion de datos genomicos de RSV es menor en los paises de ingresos bajos y medios",Le_2025,OK,introduccion,,mantener,,"""More than 90% of RSV related childhood mortality occur in low- and middle-income countries (LMICs), however only 14.8% of publicly available RSV sequences were from patients recruited in LMICs"" (Le 2025)","IDEA NUEVA (cifra precisa): solo 14,8% de las secuencias publicas de RSV provienen de LMIC pese a >90% de la mortalidad infantil por RSV; podria citarse textual."
INTROC-ENT-01,Virus de interes: Enterovirus,"Los enterovirus son un genero de Picornaviridae, sin envoltura, con ARN de sentido positivo y transmision fecal-oral; agrupan numerosos serotipos, muchos excretados en heces y detectables en aguas residuales",Kissova_2022,OK,p.1-2,matiz_no_explicito,mantener,,"""Enteroviruses (EV) are non-enveloped viruses with a single-stranded RNA of positive [polarity]"" y ""Picornaviridae, genus Enterovirus (EV), which includes 15 species"" y ""EVs are excreted mainly in the feces for several weeks"" (viruses-14-01599)","Genero Picornaviridae, sin envoltura, ssRNA(+), serotipos y excrecion fecal OK. La 'via fecal-oral' de transmision esta respaldada por excrecion fecal en Kissova pero enunciada literalmente en Martin, no en Kissova."
INTROC-ENT-02,Virus de interes: Enterovirus,"El poliovirus (especie C) tiene genoma ssRNA(+) de ~7500 nucleotidos, capside icosaedrica de 60 protomeros con VP1-VP4, tres serotipos por neutralizacion, receptor CD155, transmision fecal-oral, replicacion intestinal y excrecion fecal de 2 a 4 semanas",Martin_2016,OK,PDF p.6 (cap. introductorio),,mantener,,"""single RNA strand of positive polarity of about 7500 nucleotides in length"" / ""The virus particle consists of 60 protomers each containing a single copy of each of the four capsid proteins (VP1 to VP4) arranged in icosahedral symmetry"" / ""three serotypes based on specific neutralization"" / ""to bind CD155... as a receptor for cell entry"" / ""fecal-oral, and the virus replicates efficiently in the intestinal tract with shedding in feces typically lasting for 2-4 weeks"" (Martin 2016)","Todas las cifras criticas (7500 nt, 60 protomeros, 2-4 semanas) confirmadas textualmente."
INTROC-ENT-03,Virus de interes: Enterovirus,"La paralisis flacida aguda se presenta solo en una fraccion de las infecciones, lo que limito la vigilancia clinica y motivo la vigilancia ambiental dentro de la GPEI",Martin_2016;Asghar_2014,OK,Martin (morbilidad); Asghar p.1,,mantener,,"""the very low morbidity to infection ratio (<1:200)"" (Martin 2016) y ""Since the launch of the Global Polio Eradication Initiative (GPEI) in 1988... the goal of ES is to complement disease-based AFP surveillance"" (asghar-2014)","AFP en fraccion de infecciones y ES dentro de GPEI verificados."
INTROC-ENT-04,Virus de interes: Enterovirus,"En La Habana, tras una campana de vacunacion, el poliovirus dejo de aislarse en heces despues de la semana 7 pero siguio detectandose en aguas residuales hasta la semana 15 (ocho semanas mas)",MasLago_2003,OK,resultados,,mantener,,"""Poliovirus was isolated from children through week 7, suggesting that viral shedding reached undetectable levels between weeks 8 and 14"" y ""The last virus-positive wastewater sample was collected during week 15"" (lago2003)","Semana 7, semana 15 y diferencia de 8 semanas coherentes y verificadas."
INTROC-ENT-05,Virus de interes: Enterovirus,"La vacuna oral se elabora con poliovirus atenuados (cepas Sabin) que se excretan varias semanas; durante la replicacion el virus acumula mutaciones, algunas revierten la atenuacion y le devuelven neurovirulencia y transmisibilidad",Zurbriggen_2008,OK,introduccion,,mantener,,"""revert to the virulent phenotype with an increased possibility of causing neurologic disease"" y ""regain replicative fitness"" (zurbriggen-et-al-2008)","Reversion de atenuacion verificada."
INTROC-ENT-06,Virus de interes: Enterovirus,"La clasificacion compara VP1 con la cepa de Sabin: <1% de diferencia es Sabin-like y 1-15% es poliovirus derivado de vacuna",Zurbriggen_2008,OK,definiciones,,mantener,,"""isolates that display <1% nucleotide sequence difference from the parental vaccine strain are defined as vaccine- or Sabin-like"" y ""VDPVs are defined as viruses with a 1 to 15% nucleotide sequence difference within the VP1 region"" (zurbriggen-et-al-2008)","Umbrales <1% y 1-15% en VP1 verificados textualmente."
INTROC-ENT-07,Virus de interes: Enterovirus,"Zurbriggen recupero 62 aislamientos Sabin-like en 20 de 174 muestras de aguas residuales de la region de Zurich entre 2004 y 2006, con Suiza ya en esquema IPV exclusivo, y tres cuartas partes con mutaciones de reversion",Zurbriggen_2008,OK,resultados,,mantener,,"""A total of 20 out of 174 wastewater samples were positive for 62 Sabin-like isolates"" / ""two sewage treatment plants located in the Zurich area were sampled from 2004 to 2006"" / ""In 2004, there was a switch to the IPV-only"" / ""Three-quarters of the strains showed mutations within the 5' untranslated region and VP1, known to be associated with reversion"" (zurbriggen-et-al-2008)","62, 20/174, Zurich, 2004-2006, IPV, tres cuartas partes: todas verificadas."
INTROC-ENT-08,Virus de interes: Enterovirus,"Kissova documento la vigilancia ambiental de poliovirus y enterovirus no poliovirus en la Republica Eslovaca entre 1963 y 2019, con mas de mil aislamientos de poliovirus de origen vacunal",Kissova_2022,OK,resultados,,mantener,,"""Enteroviruses in the Slovak Republic in 1963-2019"" y ""We found that 1015 isolated PVs were of vaccine origin, called 'Sabin-like'"" (viruses-14-01599)","Cifra exacta 1015 (>1000). IDEA NUEVA: desglose PV1-SL 285, PV2-SL 293, PV3-SL 257; ademas 47 cepas cVDPV2 en Bratislava 2003-2005."
INTROC-ENT-09,Virus de interes: Enterovirus,"Klapsa detecto 118 aislamientos geneticamente vinculados de poliovirus tipo 2 relacionado con Sabin en el alcantarillado de Londres entre febrero y julio de 2022; habian perdido dos mutaciones atenuantes clave, una proporcion creciente cumplia el criterio de VDPV, y motivo una campana con IPV en ninos de 1 a 9 anos",Klapsa_2022,OK,resultados,,mantener,,"""118 genetically linked poliovirus isolates related to the serotype 2 Sabin vaccine strain were detected in 21 of 52 sequential sewage samples collected in London between Feb 8 and July 4, 2022"" / ""All isolates have lost two key attenuating mutations"" / ""an increasing proportion (20 of 118) meet the criterion for a vaccine-derived poliovirus"" / ""an inactivated polio vaccine campaign among children aged 1-9 years"" (PIIS0140673622018049)","118, PV2 Sabin, Londres feb-jul 2022, dos mutaciones, IPV 1-9 anos: todas verificadas."
INTROC-ENT-10,Virus de interes: Enterovirus,"La deteccion de cVDPV2 en aguas residuales de Finlandia, Alemania, Polonia, Espana y Reino Unido en 2024 revelo cepas geneticamente relacionadas y activo una alerta sobre circulacion en territorios con alta capacidad de vigilancia",Bottcher_2025,OK,abstract y resultados,,mantener,,"""In 2024, circulating vaccine-derived poliovirus type 2 (cVDPV2) was detected in wastewater samples in Finland, Germany, Poland, Spain and the United Kingdom"" y ""All cVDPV2 strains were genetically related to each other"" (eurosurv-30-3-1)","cVDPV2, cinco paises, 2024, cepas relacionadas y 'wake-up call' verificados."
INTROC-ENT-11,Virus de interes: Enterovirus,"Una revision sistematica contabilizo 26 detecciones ambientales de poliovirus en 21 paises entre 2013 y 2025, casi siempre sin casos de paralisis asociados",Lesenfants_2026,OK,Review,matiz_intensidad,mantener,,"""This Review includes 26 separate events... that occurred between 2013 and 2025, across 21 countries"" y ""often in the absence of paralytic cases"" (1-s2.0-S2468266726000514)","26/21 paises/2013-2025 verificados. Matiz: la fuente dice 'often' (a menudo); 'casi siempre' endurece ligeramente. Sugerencia: usar 'con frecuencia sin casos de paralisis'."
INTROC-ENT-12,Virus de interes: Enterovirus,"La diferenciacion intratipica y la secuenciacion de la region VP1 permiten establecer relaciones geneticas para inferir el origen de un aislamiento",Asghar_2014;Klapsa_2022,OK,Asghar y Klapsa,matiz_terminologico,mantener,,"""genetic sequencing may allow the ability to trace the origin of polioviruses to other circulating polioviruses with similar sequences"" (asghar-2014) y ""The gene coding for capsid VP1... [used to] identify genetic linkage between different poliovirus isolates"" (PIIS0140673622018049)","Concepto VP1->origen solidamente respaldado. El termino literal 'diferenciacion intratipica (ITD)' NO aparece en Asghar; si esta en Shaw (jiab518) y en el libro Martin; conviene apoyar el termino ahi si se busca trazabilidad literal."
INTROC-ENT-13,Virus de interes: Enterovirus,"Shaw estimo que los flujos tradicionales de confirmacion de brotes de VDPV2 pueden tardar semanas y argumento que la deteccion molecular directa y la secuenciacion Nanopore acortan esos tiempos",Shaw_2022,OK,resultados,,mantener,,"""VDPV2 confirmation in 525 stools required a median of 49 days from paralysis onset"" y ""we estimate could be reduced to 16 days by DDNS"" con ""[DDNS] can be performed in only 3 days"" (jiab518)","Tiempos tradicionales (49/35 dias) y reduccion por DDNS/Nanopore verificados."
