id,seccion,ubicacion,idea,citas,veredicto,pagina_traza,evidencia_textual,otra_fuente,notas,accion,resuelto
INTA-01,Introducción,01_introduccion.tex:5,La vigilancia de patógenos virales en aguas residuales se ha consolidado como una estrategia complementaria,Sims_2020,PARCIAL,Sims_2020 p.2,"""Wastewater-Based Epidemiology (WBE) is a new epidemiology tool that has potential to act as a complementary approach for current infectious disease surveillance systems""",,"Se sostiene 'complementaria'; 'se ha consolidado' omite el calificador de la fuente (herramienta nueva con potencial, 2020).",corregir,lote3a
INTA-02,Introducción,01_introduccion.tex:5,"A diferencia de la vigilancia clínica, no depende del acceso a servicios de salud ni de la notificación de casos",Sims_2020,PARCIAL,Sims_2020 p.4,"""in countries with less developed health services, morbidity might be higher than assumed due to people failing to report to a healthcare service due to lack of access ... these cases are not reported"" / Tabla 1 WBE: ""Information given on whole population""","Parkins_2023 p.2 (""irrespective of symptoms or the ability to access clinical testing"")",Sims describe la falla de la vigilancia clínica por acceso y subnotificación; la afirmación explícita de independencia del acceso está en Parkins_2023.,reemplazar,lote2
INTA-03,Introducción,01_introduccion.tex:5,El análisis integra señales de una comunidad conectada a una red de alcantarillado; enfoque denominado epidemiología basada en aguas residuales,Sims_2020,OK,Sims_2020 p.5,"""WWTPs serve communities located in well-defined geographical sewerage catchment areas ... as a whole population contributes to wastewater collected by any WWTP, wastewater from this community can be considered as its pooled urine""; ""Often referred to as wastewater-based epidemiology (WBE)""",,,mantener,
INTA-04,Introducción,01_introduccion.tex:5,"Genera información agregada sobre la presencia, la persistencia y los cambios temporales de microorganismos de interés sanitario",Sims_2020,PARCIAL,Sims_2020 p.9; Sims_2020 p.4,"""could inform what diseases are present in a community""; ""Capable of spatial and temporal trends""",,Presencia y tendencias temporales se sostienen; 'persistencia' de microorganismos no aparece en Sims.,corregir,lote3a
INTA-05,Introducción,01_introduccion.tex:7,La detección de ARN de SARS-CoV-2 en aguas residuales demostró que puede reflejar la circulación comunitaria del virus,Ahmed_2020; Medema_2020,OK,Medema_2020 p.1; Ahmed_2020 p.8,"Medema: ""The detection of the virus in sewage, even when the COVID-19 prevalence is low, indicates that sewage surveillance could be a sensitive tool to monitor the circulation of the virus in the population."" Ahmed: ""wastewater monitoring has great potential to provide early warning signs on how broadly SARS-CoV-2 is circulating in the community""",,"Ambos son estudios de prueba de concepto ('could', 'potential'); 'demostró' es algo más fuerte que la fuente.",mantener,
INTA-06,Introducción,01_introduccion.tex:7,Incluso cuando la vigilancia clínica tiene limitaciones de cobertura o retrasos en la notificación,Ahmed_2020; Medema_2020,OK,Medema_2020 p.2; Medema_2020 p.6; Ahmed_2020 p.8,"Medema: ""complement current clinical surveillance, which is limited to the COVID-19 patients with the most severe symptoms""; ""suggests virus circulation in the population before COVID-19 cases are reported through the health surveillance system"". Ahmed: ""especially in those individuals showing mild symptoms or no symptoms at all""",,,mantener,
INTA-07,Introducción,01_introduccion.tex:7,"La secuenciación permitió pasar a la vigilancia genómica, con capacidad para identificar linajes, variantes y diversidad viral en una población",Crits_Christoph_2021,OK,Crits_Christoph_2021 p.1,"""metatranscriptomic sequencing of wastewater can be used to profile the viral genetic diversity across infected communities""; ""indicating that wastewater sequencing can provide evidence for recent introductions of viral lineages before they are detected by local clinical sequencing""",,,mantener,
INTA-08,Introducción,01_introduccion.tex:9,Las aguas residuales se han utilizado para la vigilancia ambiental del poliovirus dentro de los esfuerzos globales de erradicación,Asghar_2014,OK,Asghar_2014 p.1,"""This article summarizes the status of environmental surveillance (ES) used by the Global Polio Eradication Initiative""; ""ES detects poliovirus circulation in environmental sewage and is used to monitor transmission in communities.""",,,mantener,
INTA-09,Introducción,01_introduccion.tex:9,El ARN del virus sincitial respiratorio puede detectarse en aguas residuales,Hughes_2022,OK,Hughes_2022 p.1,"""we report that respiratory syncytial virus (RSV) genomic ribonucleic acid can be detected in wastewater settled solids at two publicly owned treatment works""",,La fuente precisa la matriz: sólidos sedimentados.,mantener,
INTA-10,Introducción,01_introduccion.tex:9,El ARN de RSV en aguas residuales puede relacionarse con patrones o sospechas clínicas de infección respiratoria,Hughes_2022,PARCIAL,Hughes_2022 p.1,"""its concentration in settled solids is strongly associated (Kendalls tau = 0.65−0.77, p < 10−7) with clinical positivity rates for RSV at sentinel laboratories across the state in 2021""",,Se sostiene la asociación con tasas de positividad clínica de RSV; 'sospechas clínicas de infección respiratoria' no aparece.,corregir,lote3a
INTA-11,Introducción,01_introduccion.tex:13,"La vigilancia basada en casos depende de la presencia de síntomas, la búsqueda de atención, el acceso al diagnóstico y la notificación oportuna",Bubba_2023; Parkins_2023,OK,Parkins_2023 p.2; Parkins_2023 p.6; Bubba_2023 p.2,"Parkins: ""monitor an entire population (irrespective of symptoms or the ability to access clinical testing)""; ""is not impacted by lags in clinical reporting"". Bubba: ""unlikely to be noted in case-based testing or via clinical surveillance""","Hughes_2022 p.1 (""people do not require or seek care"")","'Búsqueda de atención' está explícita en Hughes_2022, no en las fuentes citadas del párrafo.",mantener,
INTA-12,Introducción,01_introduccion.tex:13,Limitación: cobertura poblacional incompleta,Bubba_2023; Parkins_2023,OK,Parkins_2023 p.6,"Parkins: ""WBS does not suffer from limitations such as selective population sampling bias (i.e., the potential exclusion of members from some disadvantaged classes)""",,,mantener,
INTA-13,Introducción,01_introduccion.tex:13,Limitación: disponibilidad limitada de pruebas,Bubba_2023; Parkins_2023,OK,Parkins_2023 p.6; Parkins_2023 p.3,"Parkins: ""does not suffer from testing fatigue and availability""; ""given the limited availability of testing in some areas""",,,mantener,
INTA-14,Introducción,01_introduccion.tex:13,Limitación: retrasos de reporte,Bubba_2023; Parkins_2023,OK,Parkins_2023 p.6,"Parkins: ""is not impacted by lags in clinical reporting (68)""",,,mantener,
INTA-15,Introducción,01_introduccion.tex:13,Limitación: falta de registro de infecciones leves o asintomáticas,Bubba_2023; Parkins_2023,OK,Bubba_2023 p.2,"Bubba: ""particularly if the pathogens in question circulate largely asymptomatically and are therefore unlikely to be noted in case-based testing or via clinical surveillance""","Medema_2020 p.6 (""people with mild symptoms are not tested"")",Asintomáticas en Bubba; 'leves' está explícito en Medema_2020.,mantener,
INTA-16,Introducción,01_introduccion.tex:13,"Durante COVID-19 los casos registrados subestimaron la carga real por la limitada disponibilidad de pruebas y la reducción del análisis clínico en la ola Ómicron BA.1, cuando la transmisión superó la capacidad diagnóstica",Parkins_2023,OK,Parkins_2023 p.3,"""This number underestimates the true burden of the disease, given the limited availability of testing in some areas and the limited role of clinical testing later in the pandemic, particularly since the onset of the Omicron BA.1 wave, which spread so rapidly that it exceeded clinical testing capacity (14).""",,,mantener,
INTA-17,Introducción,01_introduccion.tex:15,"La vigilancia en aguas residuales ofrece una visión representativa de la población conectada, al captar material excretado con independencia de síntomas, búsqueda de atención o acceso a diagnóstico",Parkins_2023,OK,Parkins_2023 p.2,"""Intrinsic to WBS is its unique ability to monitor an entire population (irrespective of symptoms or the ability to access clinical testing) objectively, passively, and comprehensively, thus being inclusive and representative (1).""",,,mantener,
INTA-18,Introducción,01_introduccion.tex:15,En países de ingresos bajos y medios los programas enfrentan limitaciones de infraestructura sanitaria,Parkins_2023,OK,Parkins_2023 p.39,"""most countries are poorly equipped to perform WBS on a large, nationwide scale (533). For example, many LMIC have a dearth of formal wastewater treatment plants and programs.""",,,mantener,
INTA-19,Introducción,01_introduccion.tex:15,…de financiamiento y de frecuencia de muestreo,Parkins_2023,OK,Parkins_2023 p.39,"""Major differences between LMIC and HIC programs generally related to financial support, which limited the frequency with which sampling could be performed""",,,mantener,
INTA-20,Introducción,01_introduccion.tex:15,…y de capacidad para la vigilancia de variantes,Parkins_2023,OK,Parkins_2023 p.39,"""and precluded more advanced investigations such as those to detect and monitor emerging variants""",,,mantener,
INTA-21,Introducción,01_introduccion.tex:17,La vigilancia clínica de poliovirus se apoya en la detección de parálisis flácida aguda,Zurbriggen_2008,OK,Zurbriggen_2008 p.1,"""poliovirus surveillance based on virological investigation of acute flaccid paralysis (AFP) cases""; ""AFP surveillance is presently the gold standard""",,,mantener,
INTA-22,Introducción,01_introduccion.tex:17,La tasa de ataque clínico del poliovirus virulento puede ser de un caso paralítico por cada 100 infecciones o menos,Zurbriggen_2008,OK,Zurbriggen_2008 p.1,"""the low clinical attack rate following infection with virulent polioviruses (≤1:100 paralytic case/infections)""",,,mantener,
INTA-23,Introducción,01_introduccion.tex:17,El virus puede circular sin casos notificados y esa circulación silenciosa es la que la vigilancia ambiental permite detectar,Asghar_2014,OK,Asghar_2014 p.2; Asghar_2014 p.4,"""ES can assist in identifying residual WPV transmission, such as where WPV circulates among those who are asymptomatically infected and not showing clinical signs of paralysis.""; ""WPV was found in Lahore in the absence of AFP cases, which allowed the program to continue ... to stop silent WPV transmission""",,,mantener,
INTA-24,Introducción,01_introduccion.tex:19,"RSV tiene alta carga en lactantes, adultos mayores e inmunocomprometidos",Hughes_2022,OK,Hughes_2022 p.1,"""RSV infections are usually self-limiting in healthy individuals but can become severe, particularly for infants and immunocompromised or elderly individuals.""; ""Up to 1%−2% of infants under 6 months with RSV are hospitalized""",,La fuente habla de gravedad en esos grupos; 'carga' es aproximación aceptable.,mantener,
INTA-25,Introducción,01_introduccion.tex:19,La presentación clínica de RSV se confunde con la de otros virus respiratorios,Hughes_2022,PARCIAL,Hughes_2022 p.1,"""Given that RSV infections have similar clinical presentations to COVID-19""; ""Given the similarities in presentation between COVID-19 and RSV""",,La fuente compara solo con COVID-19; la extensión a 'otros virus respiratorios' no está en Hughes.,corregir,lote3a
INTA-26,Introducción,01_introduccion.tex:19,El seguimiento de RSV en aguas residuales ofrece una vía al margen del diagnóstico individual,Hughes_2022,OK,Hughes_2022 p.1,"""many RSV infections are not identified because people do not require or seek care, and testing is not always done""; ""Using wastewater to understand community infection rates is a passive method that has the benefit of capturing inputs from an entire community without a participation burden.""",,,mantener,
INTA-27,Introducción,01_introduccion.tex:21,Mejía Calle realizó un muestreo pasivo semanal de 24 horas en el influente de la PTAR Quitumbe,MejiaCalle_2024,OK,MejiaCalle_2024 p.8; MejiaCalle_2024 p.32,"""Se utilizó un equipo de muestreo pasivo tipo torpedo ... se colocó en colectores de aguas residuales de la PTAR Quitumbe, durante 24 horas semanales.""; ""The samplers were immersed for 24 hours once a week in the incoming wastewater at the Quitumbe WWTP""",,Las tablas registran algunas muestras en 'Cárcamo' además de 'Entrance WWTP' (p.42).,mantener,
INTA-28,Introducción,01_introduccion.tex:21,Los genes N1 y N2 de SARS-CoV-2 fueron detectados en todas las muestras,MejiaCalle_2024,PARCIAL,MejiaCalle_2024 p.40; MejiaCalle_2024 p.55,"p.40: ""the N1 and N2 genes were detected in all samples, confirming the circulation of SARS-CoV-2""; p.55: ""both N1 and N2 genes were detected in 20 out of 47 samples, while in the remaining samples, only one of the two genes was detected.""",,"La propia fuente se contradice: SARS-CoV-2 se detectó en todas, pero ambos genes solo en 20/47 muestras.",corregir,lote1
INTA-29,Introducción,01_introduccion.tex:21,En la secuenciación se utilizó tecnología Oxford Nanopore que permitió identificar linajes de Ómicron,MejiaCalle_2024,OK,MejiaCalle_2024 p.8; MejiaCalle_2024 p.45,"""PCR multiplex para secuenciación con Oxford Nanopore Technology ... Se observó un predominio de la variante ómicron, con linajes como HN.1, EG.5.1.6, XBB.1.5.1.5 y HV.1""",,,mantener,
INTA-30,Introducción,01_introduccion.tex:23,Sims situaron la WBE como herramienta para monitorear la propagación de enfermedades infecciosas a escala comunitaria,Sims_2020,OK,Sims_2020 p.2,"Título: ""Future perspectives of wastewater-based epidemiology: Monitoring infectious disease spread and resistance to the community level""",,,mantener,
INTA-31,Introducción,01_introduccion.tex:23,Parkins la consolidaron como estrategia de vigilancia tras la pandemia de COVID-19,Parkins_2023,OK,Parkins_2023 p.31; Parkins_2023 p.32,"""WBS has since been embraced as an objective, inclusive, cost-effective, real-time tool""; ""WBS still has a role in disease surveillance in a post-pandemic world""",,,mantener,
INTA-32,Introducción,01_introduccion.tex:27,La vigilancia basada en aguas residuales analiza sistemáticamente muestras de alcantarillado o influentes de PTAR para identificar marcadores asociados con una población,Parkins_2023,OK,Parkins_2023 p.2,"""Wastewater-based surveillance (WBS ...) is an emerging science that systematically analyzes residues in wastewater to understand the populations from which they derive.""",,,mantener,
INTA-33,Introducción,01_introduccion.tex:27,"El punto de muestreo define qué grupo de la población está representado, el alcance de la vigilancia y el tipo de información",Parkins_2023,OK,Parkins_2023 p.7,"""different locations within the collection system will have different source contributions ... Samples can be taken at a wastewater treatment plant or lift station that captures wastewater from the whole municipality. On a more 'zoomed-in' scale, select areas (i.e., neighborhoods) can be monitored""",,,mantener,
INTA-34,Introducción,01_introduccion.tex:29,"El material viral es una parte diminuta frente al agua, sólidos, bacterias, inhibidores y ácidos nucleicos degradados",Child_2023; Parkins_2023,OK,Child_2023 p.3; Child_2023 p.2; Parkins_2023 p.18; Parkins_2023 p.2,"Child: ""<0.6% of reads were assigned to viruses across all shotgun libraries ... with a mean of 99.6% (SD = 0.5%) reads assigned to bacteria""; ""degraded samples, such as those from wastewater"". Parkins: ""humic and phytic acids, bile salts, polyphenols, detergents, metal ions, bacterial cells, and other biological debris""; ""highly dilute wastewater matrix""",,,mantener,
INTA-35,Introducción,01_introduccion.tex:29,La composición de la matriz dificulta la detección y la secuenciación,Child_2023; Parkins_2023,OK,Child_2023 p.11; Parkins_2023 p.18,"Child: ""may have been caused by nucleic acid degradation in wastewater samples, which can restrict the contiguous binding of primer pairs""; Parkins: ""resulting in false-negative results and impacting reproducibility""",,,mantener,
INTA-36,Introducción,01_introduccion.tex:31,"El caudal, la dilución por lluvias o infiltración, los aportes industriales, la población conectada y los tiempos de residencia determinan la dilución del virus en el influente",Parkins_2023,OK,Parkins_2023 p.11; Parkins_2023 p.7,"""stormwater from precipitation/snowmelt ... can increase the flow of wastewater substantially, sometimes as high as 3–10-fold""; ""variable groundwater seepage""; ""commercial and industrial discharges""; ""how many people contributed to the wastewater""; ""Transit time through the system also changes the wastewater's chemistry and biology""",,Cinco factores con respaldo; tiempo de tránsito se vincula en la fuente a cambios químicos/biológicos más que a dilución.,mantener,
INTA-37,Introducción,01_introduccion.tex:31,"Inhibidores de la matriz: ácidos húmicos, sales biliares, detergentes e iones metálicos",Parkins_2023,OK,Parkins_2023 p.18,"""Wastewater samples contain large amounts of those chemicals and substances, including humic and phytic acids, bile salts, polyphenols, detergents, metal ions, bacterial cells""",,Selección de 4 de una lista más amplia; todos presentes.,mantener,
INTA-38,Introducción,01_introduccion.tex:31,Los inhibidores suprimen la amplificación de forma parcial o total y producen cuantificaciones incorrectas o falsos negativos,Parkins_2023,OK,Parkins_2023 p.19,"""Inhibitory substances in the sample can suppress PCR amplification partially or completely, resulting in incorrect quantification or false-negative results (236).""",,,mantener,
INTA-39,Introducción,01_introduccion.tex:31,La concentración y extracción aumentan la abundancia relativa del ARN viral y retiran los inhibidores,Chan_2025,NO,Parkins_2023 p.4,,"Parkins_2023 p.4 (""Concentration and extraction of wastewater are required in order to increase the relative abundance of SARS-CoV-2 RNA ... and to remove and mitigate inhibitory substances."")",No está en Chan_2025; proviene de Parkins_2023 (reatribución).,reemplazar,lote2
INTA-40,Introducción,01_introduccion.tex:31,La cuantificación se corrige por el caudal,Chan_2025,NO,Parkins_2023 p.4,,"Parkins_2023 p.4 (""Wastewater-measured SARS-CoV-2 can be adjusted based on a number of extrinsic factors (i.e., flow rates)""); Parkins_2023 p.11",Chan_2025 normaliza solo con PMMoV; la corrección por caudal está en Parkins_2023.,reemplazar,lote2
INTA-41,Introducción,01_introduccion.tex:31,Se normaliza con biomarcadores fecales como el PMMoV,Chan_2025,OK,Chan_2025 p.2,"""We used PMMoV RNA concentrations to normalize respiratory virus RNA concentrations. PMMoV is an indigenous wastewater virus which corrects for differences in virus recovery and is of dietary origin which controls for differences in wastewater fecal strength.""",,,mantener,
INTA-42,Introducción,01_introduccion.tex:31,El PMMoV es de origen vegetal e ingerido con la dieta,Chan_2025,OK,Chan_2025 p.2,"""is of dietary origin which controls for differences in wastewater fecal strength""","Parkins_2023 p.15 (""widespread occurrence of pepper products in human diets"")",'Origen vegetal' implícito en el nombre; explícito en Parkins_2023.,mantener,
INTA-43,Introducción,01_introduccion.tex:31,El PMMoV es excretado en abundancia,Chan_2025,NO,Parkins_2023 p.15,,"Parkins_2023 p.15 (""owing to its prevalence in sewage""); Parkins_2023 p.14",Chan_2025 no menciona abundancia de excreción; aparece en Parkins_2023.,reemplazar,lote2
INTA-44,Introducción,01_introduccion.tex:35,El enfoque se formalizó en 2001 como una lectura no invasiva del estado de una comunidad,Subedi_2019,PARCIAL,Subedi_2019 p.17; Subedi_2019 p.10,"""The fundamental concept of using municipal sewage information as a nonintrusive tool for the determination of the community-level rates of drug consumption was introduced by Daughton in 2001 (19).""",,"Se sostiene el año y el carácter no intrusivo; la fuente lo limita al consumo de drogas, no al 'estado de una comunidad'.",corregir,lote1
INTA-45,Introducción,01_introduccion.tex:35,El poliovirus se vigila en el alcantarillado de Israel desde 1989,Subedi_2019,OK,Subedi_2019 p.24,"""Poliovirus has been monitored in Israel using sewers since 1989 (63).""",Asghar_2014 p.2 indica 1988,Discrepancia entre fuentes: Asghar_2014 da 1988 para Israel.,mantener,
INTA-46,Introducción,01_introduccion.tex:35,Por esta vía se han detectado parechovirus,Subedi_2019,OK,Subedi_2019 p.24,"""Other studies have detected viruses and pathogenic bacteria (64), including salmonella (65, 66), coxiella (67), parechovirus (68)""",,,mantener,
INTA-47,Introducción,01_introduccion.tex:35,…norovirus,Subedi_2019,OK,Subedi_2019 p.24,"""norovirus (69)""",,,mantener,
INTA-48,Introducción,01_introduccion.tex:35,…astrovirus,Subedi_2019,OK,Subedi_2019 p.24,"""astrovirus (69, 70)""",,,mantener,
INTA-49,Introducción,01_introduccion.tex:35,…virus de la hepatitis,Subedi_2019,OK,Subedi_2019 p.24,"""hepatitis (71)""",,,mantener,
INTA-50,Introducción,01_introduccion.tex:35,"…y, más recientemente, el virus del Ébola",Subedi_2019,PARCIAL,Subedi_2019 p.24; Subedi_2019 p.31,"""and most recently Ebola virus (72)""; ref. 72: ""Lin, K.; Marr, L. C. Aerosolization of Ebola Virus Surrogates in Wastewater Systems.""",,"El libro lo afirma, pero la referencia que lo respalda trata de sustitutos del Ébola, no de su detección en aguas residuales.",corregir,lote1
INTA-51,Introducción,01_introduccion.tex:35,Los tres virus del estudio se inscriben en un continuo de vigilancia viral ambiental con décadas de trayectoria,Subedi_2019,PARCIAL,Subedi_2019 p.24,"""None of these pathogens are currently monitored routinely in wastewater, and there are many uncertainties yet to be worked out (74).""","Parkins_2023 p.31 (""WBS existed before COVID-19. However, it was principally an academic pursuit, only rarely considered or applied for real-time surveillance."")",Las décadas se sostienen para poliovirus; para los demás la fuente dice que no se vigilan de forma rutinaria.,corregir,lote1
INTA-52,Introducción,01_introduccion.tex:37,"La señal poblacional se aplica de forma directa a agentes de excreción fecal, como los enterovirus, y se ha extendido a ciertos virus respiratorios",Parkins_2023,PARCIAL,Parkins_2023 p.20; Parkins_2023 p.32,"""Unlike polioviruses that primarily shed in the feces and contain a high number of viral particles, SARS-CoV-2 sheds at a relatively low level in feces""; ""Given the profound impact of seasonal respiratory viral infections, efforts to assess respiratory disease activity comprehensively through WBS have great promise.""",,"Parkins trata polio y virus respiratorios, pero no formula la dicotomía 'aplicación directa a fecales / extensión a respiratorios'; para respiratorios habla de promesa.",corregir,lote3a
INTA-53,Introducción,01_introduccion.tex:39,Tras las primeras detecciones de ARN viral en aguas residuales,Ahmed_2020; Medema_2020,OK,Medema_2020 p.1; Ahmed_2020 p.8,"Medema: ""This is the first report of detection of SARS-CoV-2 in sewage."" Ahmed: ""This is the first study that reports the detection of SARS-CoV-2 in wastewater in Australia""",,,mantener,
INTA-54,Introducción,01_introduccion.tex:39,El monitoreo longitudinal mostró que la señal es cuantitativa y proporcional a la carga clínica,Ahmed_2020; Medema_2020; Acosta_2022,PARCIAL,Acosta_2022 p.1; Acosta_2022 p.2; Ahmed_2020 p.8,"Acosta: ""Strong correlations were observed between N1 & N2 gene signals in wastewater and new daily cases""; Ahmed: ""One of the biggest challenges will be to establish quantitative predictions from the viral RNA concentrations measured in the sewage to the actual numbers of cases""",,"Las fuentes muestran correlación, no proporcionalidad; Ahmed señala explícitamente que la predicción cuantitativa es un reto pendiente.",corregir,lote1
INTA-55,Introducción,01_introduccion.tex:39,En Calgary se siguieron tres plantas de tratamiento y seis barrios durante un año,Acosta_2022,OK,Acosta_2022 p.1,"""monitor the occurrence and spread of SARS-CoV-2 from three wastewater treatment plants (WWTP) and six neighborhoods in the city of Calgary, Canada ... samples were collected from June 2020 to May 2021""",,,mantener,
INTA-56,Introducción,01_introduccion.tex:39,Fuertes correlaciones entre la abundancia de N1 y N2 y el número de casos,Acosta_2022,OK,Acosta_2022 p.1; Acosta_2022 p.2,"""Strong correlations were observed between N1 & N2 gene signals in wastewater and new daily cases for WWTPs and neighborhoods.""",,,mantener,
INTA-57,Introducción,01_introduccion.tex:39,En Bangkok las cargas virales se correlacionaron con casos nuevos con un rezago de alrededor de tres semanas,Sangsanont_2022,OK,Sangsanont_2022 p.1,"""Wastewater surveillance (both positive rates and viral loads) showed strongest correlation with daily new COVID-19 cases at 22–24 days lag (Spearman's Rho = 0.85–1.00).""",,22–24 días ≈ algo más de tres semanas.,mantener,
INTA-58,Introducción,01_introduccion.tex:39,La señal ambiental se comportó como indicador adelantado y precedió a la resurgencia clínica,Sangsanont_2022,OK,Sangsanont_2022 p.1,"""Increased positive detection rates preceded an increase in the number of newly reported cases""; título: ""preceding the third COVID-19 resurgence in Bangkok""",,La fuente atribuye parte del rezago largo a la baja tasa de vigilancia clínica (p.6).,mantener,
INTA-59,Introducción,01_introduccion.tex:39,En un contexto de ingresos medios con capacidad diagnóstica limitada,Sangsanont_2022,OK,Sangsanont_2022 p.1; Sangsanont_2022 p.6,"""there is a dearth of performance investigations in low- and middle-income countries""; ""Lesser awareness of COVID-19 symptoms and accessibility to clinical testing led to low clinical surveillance rates.""",,La fuente no clasifica explícitamente a Tailandia como de ingresos medios; lo enmarca en LMIC.,mantener,
INTA-60,Introducción,01_introduccion.tex:43,El muestreo pasivo coloca un dispositivo en el flujo durante un periodo para acumular material biológico,Parkins_2023,OK,Parkins_2023 p.10,"""'Passive' sampling methods also exist. These methods suspend some form of absorbent media in the wastewater flow that will preferentially absorb/adsorb the target analyte(s) from the passing wastewater""",,,mantener,
INTA-61,Introducción,01_introduccion.tex:43,"Emplea medios de adsorción sencillos como hisopos, gasa o tampones de algodón",Parkins_2023,OK,Parkins_2023 p.10,"""Passive sampling for SARS-CoV-2 RNA, which generally employs simple adsorption media (e.g., a classic Moore swab, using cotton, gauze, or tampons)""",,,mantener,
INTA-62,Introducción,01_introduccion.tex:43,"No requiere equipos automáticos, por lo que es alternativa operativa para sitios con limitaciones de presupuesto",Parkins_2023,PARCIAL,Parkins_2023 p.10,"""is often less expensive and simpler to use for the actual sampler deployment component of the workflow (115) ... while passive samplers avoid the maintenance requirements of composite samplers, they still face similar deployment challenges""; ""The main limitation of passive samplers is that they typically cannot deliver data that can be converted into a representative concentration""",,Se sostiene menor costo y simplicidad; 'sitios con limitaciones de presupuesto' es inferencia y se omiten las limitaciones que la fuente señala.,corregir,lote3a
INTA-63,Introducción,01_introduccion.tex:43,"Roldan-Hernandez compararon SARS-CoV-2, RSV, rinovirus y bacteriófago MS2 en fracción sólida y líquida",RoldanHernandez_2023,OK,RoldanHernandez_2023 p.1,"""we examined the solid−liquid partitioning behavior of four viruses in wastewater: SARS-CoV-2, respiratory syncytial virus (RSV), rhinovirus (RV), and F+ coliphage/MS2""",,"El estudio trata partición sólido-líquido en aguas crudas, no muestreadores pasivos.",mantener,
INTA-64,Introducción,01_introduccion.tex:43,Las concentraciones de ARN en la fracción sólida fueron 3 a 4 órdenes de magnitud superiores,RoldanHernandez_2023,OK,RoldanHernandez_2023 p.1,"""In both experiments, RNA concentrations were higher in the solid fraction than the liquid fraction by approximately 3−4 orders of magnitude.""",,,mantener,
INTA-65,Introducción,01_introduccion.tex:43,Coeficientes de partición entre 2000 y 270 000 mL g-1,RoldanHernandez_2023,OK,RoldanHernandez_2023 p.1,"""Partition coefficients (KF) ranged from 2000−270,000 mL·g−1 across viruses and temperature conditions.""",,,mantener,
INTA-66,Introducción,01_introduccion.tex:45,"Dispositivo pasivo tipo torpedo impreso en 3D con membrana de nailon, gasa e hisopos de algodón",MejiaCalle_2024,OK,MejiaCalle_2024 p.30,"""used a passive 3D-printed device for sample collection ... Due to its torpedo-like design ... The device was equipped with a nylon membrane (0.45 µm pore size), gauze, cotton swabs, and a metal rod""",,,mantener,
INTA-67,Introducción,01_introduccion.tex:45,"Expuesto 24 horas en el influente, muestreo semanal, 47 muestras",MejiaCalle_2024,OK,MejiaCalle_2024 p.32,"""The samplers were immersed for 24 hours once a week in the incoming wastewater at the Quitumbe WWTP ... resulting in a total of 47 samples throughout the study.""",,,mantener,
INTA-68,Introducción,01_introduccion.tex:45,Representó aguas residuales de once barrios del Distrito Metropolitano de Quito,MejiaCalle_2024,OK,MejiaCalle_2024 p.32,"""serves 11 neighborhoods in the Metropolitan District of Quito, which are: Manuelita Sáenz, San Alfonso, ...""",,,mantener,
INTA-69,Introducción,01_introduccion.tex:45,Caudal reportado de 75 L/s,MejiaCalle_2024,OK,MejiaCalle_2024 p.32,"""in the incoming wastewater at the Quitumbe WWTP, where the flow rate is 75 L/s.""",,,mantener,
INTA-70,Introducción,01_introduccion.tex:47,"La señal recuperada depende del material, la duración de exposición, la carga de sólidos y la eficiencia de recuperación",MejiaCalle_2024,NO,,,"Parkins_2023 p.10 (parcial: ""The media selected must also be capable of freely releasing these same targets ... validate the absorption/adsorption and recovery"")","Oración sin cita propia; no aparece en MejiaCalle_2024; Parkins_2023 cubre material y recuperación, no duración ni carga de sólidos.",corregir,lote3a
INTA-71,Introducción,01_introduccion.tex:47,La baja concentración viral en los componentes individuales obligó a analizarlos de forma combinada,MejiaCalle_2024,OK,MejiaCalle_2024 p.33,"""membrane, and swab) were initially tested separately. However, due to the low concentrations obtained from the individual samples, it was decided to pool the samples collected on the same date""",,,mantener,
INTA-72,Introducción,01_introduccion.tex:47,La secuenciación quedó condicionada por valores de Cq tardíos,MejiaCalle_2024,OK,MejiaCalle_2024 p.45,"""only 36 samples could be sequenced, as the remaining 11 samples had very late CT values, which prevented successful sequencing""",,,mantener,
INTA-73,Introducción,01_introduccion.tex:47,…y por cambios en el rendimiento de los cebadores,MejiaCalle_2024,OK,MejiaCalle_2024 p.10; MejiaCalle_2024 p.55,"""the methodology used is highly sensitive to primer changes""; ""when the primers were changed, the correct detection of lineages diminished, likely due to improper adherence of the primers to the virus""",,"La fuente habla de cambio de juego de cebadores (ARTIC → LoCost V.3), p.35.",mantener,
INTB-01,Introducción,01_introduccion.tex:53,SARS-CoV-2 es un betacoronavirus con envoltura y genoma de ARN monocatenario de sentido positivo,Murray_2021,PARCIAL,Murray_2021 p.485,"""Los coronavirus son viriones con envoltura y poseen el genoma más largo de ácido ribonucleico (ARN) de cadena positiva (+)""",Parkins_2023 p.3,"Murray (cap. 47, previo a la pandemia) sostiene envoltura y ARN(+) de los coronavirus, pero no nombra SARS-CoV-2 ni el genero betacoronavirus; eso si consta en Parkins p.3.",reemplazar,lote2
INTB-02,Introducción,01_introduccion.tex:53,El genoma tiene entre 27 000 y 30 000 bases,Murray_2021,OK,Murray_2021 p.485,"""El gran genoma de ARN de cadena positiva (27.000 a 30.000 bases) se asocia a la proteína N""",,Cifra y unidad coinciden (bases).,mantener,
INTB-03,Introducción,01_introduccion.tex:53,Es el mayor genoma entre los virus de ARN de cadena positiva,Murray_2021,OK,Murray_2021 p.485,"""poseen el genoma más largo de ácido ribonucleico (ARN) de cadena positiva (+)""",,Coincide; el enunciado de Murray es sobre los coronavirus como grupo.,mantener,
INTB-04,Introducción,01_introduccion.tex:53,La proteína de espícula se une al receptor ACE2 y permite la entrada del virus a la célula,Parkins_2023,OK,Parkins_2023 p.5,"""The S protein protrudes from the host-derived viral envelope and provides specificity for cellular entry receptors via the angiotensin-converting enzyme 2""",,Coincide.,mantener,
INTB-05,Introducción,01_introduccion.tex:53,La infección produce la enfermedad respiratoria COVID-19,Parkins_2023,OK,Parkins_2023 p.3,"""the World Health Organization (WHO) had designated the virus SARS-CoV-2 as responsible for the clinical disease COVID-19""",,Coincide.,mantener,
INTB-06,Introducción,01_introduccion.tex:53,La acumulación de mutaciones en la espícula originó variantes de preocupación con mayor transmisibilidad o escape inmunológico,Zahmatkesh_2022,PARCIAL,Zahmatkesh_2022 p.1,"""specific acquired mutations give exceptional fitness by boosting transmissibility and resisting medical interventions, such as vaccinations... thus, they are deemed of concern""",Parkins_2023 p.5; Karthikeyan_2022 p.1,Transmisibilidad y condicion de variante de preocupacion se sostienen; el escape inmunologico como tal aparece en Parkins (increased immune evasion) y Karthikeyan (immune escape).,reemplazar,lote2
INTB-07,Introducción,01_introduccion.tex:53,Ómicron acumuló entre 26 y 32 mutaciones en la proteína de espícula,Zahmatkesh_2022,OK,Zahmatkesh_2022 p.2,"""The Omicron variant is notable for having 26_32 mutations in the spike protein""",,Coincide; el guion del PDF (26_32) corresponde al rango 26-32.,mantener,
INTB-08,Introducción,01_introduccion.tex:53,El seguimiento genómico de las variantes es una prioridad de salud pública,Karthikeyan_2022,OK,Karthikeyan_2022 p.1,"""As SARS-CoV-2 continues to spread and evolve, detecting emerging variants early is critical for public health interventions""",,Coincide.,mantener,
INTB-09,Introducción,01_introduccion.tex:55,La RT-qPCR dirigida a los genes N1 y N2 de la nucleocápside confirma la presencia de SARS-CoV-2 en aguas residuales,Acosta_2022,OK,Acosta_2022 p.1,"""analyzed for two SARS-CoV-2-specific regions of the nucleocapsid gene, N1 and N2, using reverse transcription-quantitative polymerase chain reaction (RT-qPCR)""",,Coincide.,mantener,
INTB-10,Introducción,01_introduccion.tex:55,N1 y N2 son los blancos del panel de los CDC,Acosta_2022,NO,Acosta_2022 (sin pasaje),,Parkins_2023 p.21,Acosta no atribuye los ensayos a los CDC; la tabla de Parkins los nombra US-CDC-N1 / 2019-nCoV_N1.,reemplazar,lote2
INTB-11,Introducción,01_introduccion.tex:55,La secuenciación de las muestras con carga suficiente reconstruye los linajes que circulan en la población conectada,Acosta_2022,NO,Acosta_2022 (sin pasaje),,Karthikeyan_2022 p.1,Acosta solo cuantifica por RT-qPCR (N1/N2) y no secuencia; la reconstruccion de linajes es de Karthikeyan.,reemplazar,lote2
INTB-12,Introducción,01_introduccion.tex:57,"La vigilancia genómica en aguas residuales analiza una mezcla de genomas de múltiples individuos, con el reto de estimar la abundancia relativa de cada linaje",Karthikeyan_2022,OK,Karthikeyan_2022 p.1,"""two factors limit wastewater-based genomic surveillance: low-quality sequence data and inability to estimate relative lineage abundance in mixed samples""",,Coincide.,mantener,
INTB-13,Introducción,01_introduccion.tex:57,El esfuerzo abarcó 295 días en el campus de la Universidad de California en San Diego,Karthikeyan_2022,OK,Karthikeyan_2022 p.1,"""a high-resolution, 295-day wastewater and clinical sequencing effort"" ... ""at the University of California San Diego (UCSD) campus""",,Coincide; el estudio incluye ademas el condado circundante.,mantener,
INTB-14,Introducción,01_introduccion.tex:57,Mejoraron los protocolos de concentración y alcanzaron coberturas cercanas al 95 % incluso con cargas virales bajas,Karthikeyan_2022,OK,Karthikeyan_2022 p.1,"""We obtained near 95% genome coverage even for samples with low viral load, compared with 40% or below from previous studies""",,Coincide.,mantener,
INTB-15,Introducción,01_introduccion.tex:57,Detectaron variantes de preocupación hasta 14 días antes que la vigilancia clínica,Karthikeyan_2022,OK,Karthikeyan_2022 p.1,"""We detected emerging variants of concern up to 14 days earlier in wastewater samples""",,Coincide; p.4 lo repite frente a la vigilancia genomica clinica.,mantener,
INTB-16,Introducción,01_introduccion.tex:61,El virus sincitial respiratorio tiene envoltura y genoma de ARN monocatenario de sentido negativo,Murray_2021,OK,Murray_2021 p.492,"""un genoma compuesto por una molécula de ácido ribonucleico (ARN) monocatenario de sentido negativo... rodeada de una envoltura pleomórfica""",,"Coincide. Advertencia de nomenclatura: Murray clasifica al VRS en Paramyxoviridae, genero Pneumovirus (Tabla 48.1), no en Pneumoviridae.",mantener,
INTB-17,Introducción,01_introduccion.tex:61,Está clasificado en la familia Pneumoviridae,RoldanHernandez_2023,OK,RoldanHernandez_2023 p.1,"""RSV | pneumoviridae | - ssRNA | enveloped | spherical""",,Coincide (tabla de caracteristicas de los virus estudiados).,mantener,
INTB-18,Introducción,01_introduccion.tex:61,"Se diferencian dos subgrupos antigénicos, RSV-A y RSV-B",Lansivaara_2024;Zambrana_2024,OK,Lansivaara_2024 p.1; Zambrana_2024 p.1,"""It includes A and B subtypes"" (Lansivaara); ""It has two subtypes, RSV A and RSV B"" (Zambrana)",,Coincide en ambas fuentes.,mantener,
INTB-19,Introducción,01_introduccion.tex:61,La predominancia de los subgrupos alterna entre temporadas,Lansivaara_2024;Zambrana_2024,PARCIAL,Zambrana_2024 p.2; Zambrana_2024 p.1,"""although co-circulation of both subtypes is expected, typically one subtype predominates in a particular season"" ... ""A median PA,WW of 0.00 in the first season and 0.58 in the second season indicated a temporal shift in the predominant subtype""",,Zambrana sostiene el predominio por temporada y el cambio entre dos temporadas; Lansivaara solo menciona la existencia de los subtipos A y B y no respalda la alternancia.,reemplazar,lote2
INTB-20,Introducción,01_introduccion.tex:61,Es una de las principales causas de bronquiolitis y neumonía en lactantes,Zulli_2024,OK,Zulli_2024 p.1,"""Respiratory syncytial virus (RSV) is a leading cause of pediatric pneumonia and bronchiolitis""",,Coincide.,mantener,
INTB-21,Introducción,01_introduccion.tex:61,"Afecta principalmente a niños menores de cinco años, adultos mayores e individuos inmunocomprometidos",Zulli_2024,OK,Zulli_2024 p.1,"""RSV annually accounts for up to 80,000 hospitalizations ... in children under 5"" ... ""responsible for up to 10,000 recorded yearly deaths in the cohort aged 65 and older""",Lansivaara_2024 p.1,"El grupo inmunocomprometido no figura en Zulli; si en Lansivaara (immunocompromised individuals, and the elderly are at a higher risk).",reemplazar,lote2
INTB-22,Introducción,01_introduccion.tex:61,En Estados Unidos provoca hasta 80 000 hospitalizaciones pediátricas anuales,Zulli_2024,OK,Zulli_2024 p.1,"""In the US, RSV annually accounts for up to 80,000 hospitalizations and over 520,000 emergency department visits in children under 5""",,"Coincide valor, pais y poblacion (menores de 5 anos).",mantener,
INTB-23,Introducción,01_introduccion.tex:61,A escala global se atribuyen a RSV más de 100 000 muertes anuales en menores de cinco años,Zambrana_2024,OK,Zambrana_2024 p.1,"""It is estimated that over 100,000 deaths of children under the age of five are attributed to RSV annually globally""",,Coincide.,mantener,
INTB-24,Introducción,01_introduccion.tex:61,Existe inmunización pasiva con anticuerpos monoclonales (palivizumab y nirsevimab) y vacunas dirigidas a estos grupos,Mercier_2025,OK,Mercier_2025 p.3,"""including monoclonal antibodies, palivizumab and nirsevimab, and maternal RSVpreF vaccine""",,Coincide; la vacuna que menciona la fuente es materna (RSVpreF).,mantener,
INTB-25,Introducción,01_introduccion.tex:61,Ello incrementa la necesidad de alinear los programas de inmunoprofilaxis con la circulación comunitaria del virus,Mercier_2025,OK,Mercier_2025 p.3,"""the effectiveness of monoclonal antibodies is dependent upon deployment programs being accurately aligned with the onset of community RSV prevalence""",,Coincide.,mantener,
INTB-26,Introducción,01_introduccion.tex:61,Y la necesidad de observar la diversidad de sus subgrupos,Zambrana_2024,OK,Zambrana_2024 p.10,"""Wastewater monitoring for virus subtype predominance could be especially useful for viruses like RSV, where routine clinical surveillance does not include subtype characterization""",,Coincide.,mantener,
INTB-27,Introducción,01_introduccion.tex:63,"Hughes establecieron la asociación entre el ARN de RSV en sólidos sedimentados y la positividad clínica (Kendall tau = 0,65-0,77)",Hughes_2022,OK,Hughes_2022 p.1,"""its concentration in settled solids is strongly associated (Kendall s tau = 0.65-0.77, p < 10-7) with clinical positivity rates for RSV at sentinel laboratories across the state in 2021""",,"Coincide valor y matriz; el alcance es dos plantas y laboratorios centinela de un estado (California, 2021).",mantener,
INTB-28,Introducción,01_introduccion.tex:63,Zulli extendieron la observación a 176 sitios de Estados Unidos durante la temporada 2022-2023,Zulli_2024,OK,Zulli_2024 p.1,"""We measured RSV RNA concentrations in wastewater solids from 176 sites during the 2022-2023 RSV season""",,Coincide.,mantener,
INTB-29,Introducción,01_introduccion.tex:63,Las concentraciones llegaron a 10^7 copias por gramo,Zulli_2024,OK,Zulli_2024 p.1,"""Concentrations ranged from undetectable to 107 copies per gram""",,Coincide (10 elevado a 7 copias por gramo).,mantener,
INTB-30,Introducción,01_introduccion.tex:63,Las concentraciones se correlacionaron con las tasas de positividad y de hospitalización a escala estatal y nacional,Zulli_2024,OK,Zulli_2024 p.1,"""RSV RNA concentration aggregated at state and national levels correlated with infection positivity and hospitalization rates""",,Coincide.,mantener,
INTB-31,Introducción,01_introduccion.tex:63,Lansivaara evaluaron la vigilancia a escala nacional en Finlandia con 150 muestras de diez plantas que cubrían el 40 % de la población,Lansivaara_2024,OK,Lansivaara_2024 p.1,"""The study was performed using 150 samples that were collected monthly from May 2021 to July 2022 from ten wastewater treatment plants that cover 40% of the Finnish population""",,Coincide; el muestreo fue mensual.,mantener,
INTB-32,Introducción,01_introduccion.tex:63,"Obtuvieron correlaciones con la incidencia registrada de entre 0,41 y 0,87",Lansivaara_2024,OK,Lansivaara_2024 p.1,"""positively correlated with the National Infectious Diseases Register-based sampling week incidence (correlation coefficient, CC min = 0.412, max = 0.865)""",,"Coincide con la incidencia de la semana de muestreo; para la incidencia acumulada de cuatro semanas el rango es 0,482-0,814.",mantener,
INTB-33,Introducción,01_introduccion.tex:63,"Cuando la incidencia superaba cuatro casos por 100 000 habitantes por semana, el virus se detectaba en todas las muestras de aguas residuales",Lansivaara_2024,PARCIAL,Lansivaara_2024 p.1,"""When the register-based incidence of respiratory syncytial virus was at least four cases/100,000 persons/sampling week, it was detected in all wastewater samples""",,"El umbral de la fuente es 'al menos cuatro' (incluye el valor 4), no 'superaba cuatro'.",corregir,lote1
INTB-34,Introducción,01_introduccion.tex:65,Le desarrollaron un flujo de amplificación y secuenciación de genoma completo con Oxford Nanopore aplicable a muestras clínicas y de aguas residuales,Le_2025,OK,Le_2025 p.1,"""we develop an integrated whole genome RSV amplification, sequencing and bioinformatics analysis method (RSVTyper) that is suitable for patient samples as well as wastewater""",,Coincide; la secuenciacion es con Oxford Nanopore Technologies (misma pagina).,mantener,
INTB-35,Introducción,01_introduccion.tex:65,El flujo logra cobertura alta en muestras con cargas superiores a 10 000 copias/mL,Le_2025,OK,Le_2025 p.1,"""Whole genomes (> 90% coverage) were obtained from 98% of samples with > 10,000 copies/mL, from 3/14 samples with 1,000-10,000 copies/mL, and from none with < 1,000 copies/mL""",,Coincide; 'cobertura alta' equivale a >90 % del genoma.,mantener,
INTB-36,Introducción,01_introduccion.tex:65,Integraron en RSVTyper la detección automática de subgrupo y la selección de referencia,Le_2025,OK,Le_2025 p.3,"""an automatic RSV subtype detection as a first step before implementation of the ARTIC pipeline was introduced"" ... ""a final reference selection step that detects the most suitable reference""",,Coincide.,mantener,
INTB-37,Introducción,01_introduccion.tex:65,Zambrana mostraron que la proporción de RSV-A respecto al total de RSV puede medirse en sólidos de aguas residuales,Zambrana_2024,OK,Zambrana_2024 p.1,"""We determined the predominant subtype for each group using the proportion of RSV A to total RSV (RSV A + RSV B) in each wastewater sample (PA,WW)""",,Coincide.,mantener,
INTB-38,Introducción,01_introduccion.tex:65,Esa proporción reproduce los cambios temporales y espaciales de los subgrupos observados en muestras clínicas,Zambrana_2024,PARCIAL,Zambrana_2024 p.1; Zambrana_2024 p.9,"""The same subtype predominated in wastewater and clinical samples, but clinical samples showed higher levels of RSV A"" ... ""Despite sharing a predominant subtype, we observed a lack of association between""",,"Se sostiene que el subtipo predominante coincide con el de las muestras clinicas; no se sostiene que reproduzca los cambios espaciales, porque los autores reportan falta de asociacion espacial y niveles de RSV-A significativamente mayores en la clinica.",corregir,lote1
INTB-39,Introducción,01_introduccion.tex:65,La representación de datos genómicos de RSV es menor en los países de ingresos bajos y medios,Le_2025,OK,Le_2025 p.8,"""More than 90% of RSV related childhood mortality occur in low- and middle-income countries (LMICs), however only 14.8% of publicly available RSV sequences were from patients recruited in LMICs""",,Coincide.,mantener,
INTB-40,Introducción,01_introduccion.tex:69,Los enterovirus conforman un género de la familia Picornaviridae,Kissova_2022,OK,Kissova_2022 p.1,"""EVs belong to the family Picornaviridae, genus Enterovirus (EV), which includes 15 species, 7 of which are human pathogens""",,Coincide.,mantener,
INTB-41,Introducción,01_introduccion.tex:69,"Son virus sin envoltura, con genoma de ARN de sentido positivo",Kissova_2022,OK,Kissova_2022 p.1,"""Enteroviruses (EV) are non-enveloped viruses with a single-stranded RNA of positive polarity""",,Coincide.,mantener,
INTB-42,Introducción,01_introduccion.tex:69,Su transmisión es predominantemente fecal-oral,Kissova_2022,PARCIAL,Kissova_2022 p.2,"""EVs are excreted mainly in the feces for several weeks after the acute phase of the infection; consequently, they enter the environment, mainly wastewater""",Martin_2016 p.6,"Kissova documenta la excrecion fecal y la entrada al ambiente, pero no enuncia la via fecal-oral; esa formulacion esta en Martin_2016 ('The most important route of transmission is fecal-oral').",reemplazar,lote2
INTB-43,Introducción,01_introduccion.tex:69,Agrupan numerosos serotipos,Kissova_2022,OK,Kissova_2022 p.1; Kissova_2022 p.2,"""human EVs are classified into seven species: EV-A (25 serotypes), EV-B (63 serotypes), EV-C (23 serotypes), EV-D (5 serotypes)""",,Coincide.,mantener,
INTB-44,Introducción,01_introduccion.tex:69,Muchos de esos serotipos se excretan en heces y resultan detectables en aguas residuales,Kissova_2022,OK,Kissova_2022 p.2,"""They can persist in wastewater for some time and can be detected""",,Coincide.,mantener,
INTB-45,Introducción,01_introduccion.tex:69,Esto los convierte en blancos frecuentes de la vigilancia ambiental,Kissova_2022,OK,Kissova_2022 p.2,"""Since 1988, environmental surveillance of PVs has been included as complementary surveillance for the monitoring of acute flaccid paralysis (AFP)""",,Coincide; el articulo describe 56 anos de vigilancia de PV y NPEV en aguas de Eslovaquia.,mantener,
INTB-46,Introducción,01_introduccion.tex:69,El poliovirus pertenece a la especie C,Martin_2016,OK,Martin_2016 p.14,"""Poliovirus is a positive strand RNA virus classified with certain Coxsackie A viruses within the Human Enterovirus C species of the picornaviridae""",Kissova_2022 p.2,Coincide; Kissova tambien lo afirma (PVs belong to the EV-C species).,mantener,
INTB-47,Introducción,01_introduccion.tex:69,El poliovirus concentra el mayor interés de vigilancia debido a su potencial neuroinvasivo,Martin_2016,PARCIAL,Martin_2016 p.6,"""the main distinctive properties of poliovirus are its ability to bind CD155... and the propensity to cause paralysis in humans""",,"La propension a causar paralisis esta respaldada; la jerarquia 'mayor interes de vigilancia' es sintesis del autor, aunque la fuente senala que el examen de heces de casos de PFA ha sido el motor del GPEI.",corregir,lote3a
INTB-48,Introducción,01_introduccion.tex:69,Su genoma es una molécula de ARN de sentido positivo de unos 7500 nucleótidos,Martin_2016,OK,Martin_2016 p.6,"""The viral genome of poliovirus consists of a single RNA strand of positive polarity of about 7500 nucleotides in length""",,Coincide.,mantener,
INTB-49,Introducción,01_introduccion.tex:69,La cápside icosaédrica está formada por 60 protómeros que contienen las proteínas estructurales VP1 a VP4,Martin_2016,OK,Martin_2016 p.6,"""The virus particle consists of 60 protomers each containing a single copy of each of the four capsid proteins (VP1 to VP4) arranged in icosahedral symmetry""",,Coincide.,mantener,
INTB-50,Introducción,01_introduccion.tex:69,Existen tres serotipos definidos por neutralización,Martin_2016,OK,Martin_2016 p.6,"""Poliovirus exists in three serotypes based on specific neutralization reactions with immune sera""",,Coincide.,mantener,
INTB-51,Introducción,01_introduccion.tex:69,El virus emplea el receptor CD155 para entrar a la célula,Martin_2016,OK,Martin_2016 p.6,"""its ability to bind CD155, a member of the immunoglobulin superfamily, as a receptor for cell entry""",,Coincide.,mantener,
INTB-52,Introducción,01_introduccion.tex:69,"Se transmite por vía fecal-oral, con replicación en el tracto intestinal y excreción en heces durante dos a cuatro semanas",Martin_2016,OK,Martin_2016 p.6,"""The most important route of transmission is fecal-oral, and the virus replicates efficiently in the intestinal tract with shedding in feces typically lasting for 2-4 weeks""",,Coincide.,mantener,
INTB-53,Introducción,01_introduccion.tex:69,"En La Habana, tras una campaña de vacunación, el poliovirus dejó de aislarse en heces después de la séptima semana",MasLago_2003,OK,MasLago_2003 p.1,"""Poliovirus was isolated from children through week 7, suggesting that viral shedding reached undetectable levels between weeks 8 and 14""",,Coincide; la campana fue de vacunacion nacional con OPV en dos barrios de La Habana.,mantener,
INTB-54,Introducción,01_introduccion.tex:69,"Siguió detectándose en aguas residuales hasta la decimoquinta semana, ocho semanas más",MasLago_2003,OK,MasLago_2003 p.1; MasLago_2003 p.4,"""The last virus-positive wastewater sample was collected during week 15""",,"Coincide; el muestreo posterior a la semana 7 solo cubrio las semanas 15 y 19-21, y en la semana 15 hubo una sola muestra positiva.",mantener,
INTB-55,Introducción,01_introduccion.tex:69,Esa detección ocurrió cuando la excreción fecal era indetectable,MasLago_2003,OK,MasLago_2003 p.3,"""None was found to be positive during weeks 15 or 19""",,Coincide.,mantener,
INTB-56,Introducción,01_introduccion.tex:71,La relevancia internacional del poliovirus persiste por el riesgo de reintroducción y por la emergencia de poliovirus derivados de la vacuna oral,Zurbriggen_2008,OK,Zurbriggen_2008 p.1; Zurbriggen_2008 p.2,"""One inadequacy is the emergence of virulent vaccine-derived polioviruses (VDPVs)"" ... ""a possible risk is the undetected circulation of imported wt or vaccine poliovirus in persons with only IPV-induced immunity""",,Coincide.,mantener,
INTB-57,Introducción,01_introduccion.tex:71,"La vacuna oral se elabora con poliovirus atenuados, las cepas de Sabin",Zurbriggen_2008,OK,Zurbriggen_2008 p.2,"""the evolution of the Sabin strains in the guts of vaccinees and their susceptible contacts"" (sobre OPV, vacuna viva atenuada)",,Coincide; el articulo trata la OPV como vacuna de virus vivos atenuados (cepas de Sabin).,mantener,
INTB-58,Introducción,01_introduccion.tex:71,La persona vacunada excreta el virus vacunal en las heces durante varias semanas,Zurbriggen_2008,PARCIAL,Zurbriggen_2008 p.1,"""OPV, a prerequisite for reducing intestinal reinfection, virus shedding, and transmission to susceptible contacts""",Martin_2016 p.19,"Zurbriggen menciona la excrecion y la transmision a contactos, sin indicar duracion; la duracion esta en Martin_2016 ('The vaccine replicates for an average of about 4 weeks in recipients').",reemplazar,lote2
INTB-59,Introducción,01_introduccion.tex:71,"Mientras se replica en el intestino del vacunado y de sus contagios, el virus vacunal acumula mutaciones",Zurbriggen_2008,OK,Zurbriggen_2008 p.2,"""early burst of nonsynonymous mutations and recombination is characteristic of the evolution of the Sabin strains in the guts of vaccinees and their susceptible contacts""",,Coincide.,mantener,
INTB-60,Introducción,01_introduccion.tex:71,Algunas de esas mutaciones revierten la atenuación y devuelven la neurovirulencia y la capacidad de transmisión,Zurbriggen_2008,PARCIAL,Zurbriggen_2008 p.2,"""This helps the virus to regain replicative fitness and to revert to the virulent phenotype with an increased possibility of causing neurologic disease""",,"La reversion al fenotipo virulento y el riesgo neurologico se sostienen; la 'capacidad de transmision' recuperada no se afirma en la fuente, que habla de recuperar aptitud replicativa.",corregir,lote3a
INTB-61,Introducción,01_introduccion.tex:73,"Las mutaciones se acumulan con el tiempo de replicación, de modo que el número de diferencias genéticas respecto de la cepa vacunal indica cuánto tiempo lleva circulando un aislamiento",Zurbriggen_2008,PARCIAL,Zurbriggen_2008 p.2,"""The number of synonymous mutations within the region coding for the capsid protein viral protein 1 (VP1) is used to estimate the age of poliovirus strains, i.e., the duration of in vivo replication in single or successive hosts""",,La fuente usa especificamente las mutaciones sinonimas de VP1 y habla de duracion de la replicacion in vivo; el texto generaliza a 'diferencias geneticas' y a 'tiempo circulando'.,corregir,lote3a
INTB-62,Introducción,01_introduccion.tex:73,La clasificación compara la región VP1 con la cepa de Sabin correspondiente,Zurbriggen_2008,OK,Zurbriggen_2008 p.2,"""VDPVs are defined as viruses with a 1 to 15% nucleotide sequence difference within the VP1 region compared to the parental Sabin vaccine strain of the same type""",,"Coincide, incluido el 'del mismo tipo'.",mantener,
INTB-63,Introducción,01_introduccion.tex:73,Un aislamiento que difiere en menos del 1 % es un poliovirus Sabin-like,Zurbriggen_2008,OK,Zurbriggen_2008 p.2,"""Viral isolates that display <1% nucleotide sequence difference from the parental vaccine strain are defined as vaccine- or Sabin-like (SL)""",,Coincide.,mantener,
INTB-64,Introducción,01_introduccion.tex:73,Un aislamiento que difiere entre el 1 y el 15 % es un poliovirus derivado de vacuna,Zurbriggen_2008,OK,Zurbriggen_2008 p.2,"""VDPVs are defined as viruses with a 1 to 15% nucleotide sequence difference within the VP1 region""",,Coincide.,mantener,
INTB-65,Introducción,01_introduccion.tex:73,El aislamiento Sabin-like procede de una vacunación reciente,Zurbriggen_2008,PARCIAL,Zurbriggen_2008 p.2,,Klapsa_2022 p.3,"Zurbriggen define el Sabin-like solo por la distancia <1 %, sin atribuirlo a vacunacion reciente; Klapsa si asocia pocas mutaciones con la administracion reciente de la vacuna ('A few mutations from the Sabin vaccine strains is expected following vaccination campaigns').",reemplazar,lote2
INTB-66,Introducción,01_introduccion.tex:73,La distancia acumulada del derivado de vacuna revela replicación y transmisión entre personas durante un periodo prolongado,Zurbriggen_2008,OK,Zurbriggen_2008 p.2,"""the duration of in vivo replication in single or successive hosts""",,Coincide con el principio de huéspedes sucesivos; la fuente no fija un numero de meses.,mantener,
INTB-67,Introducción,01_introduccion.tex:75,Zurbriggen recuperaron 62 aislamientos Sabin-like en 20 de 174 muestras de aguas residuales de la región de Zúrich entre 2004 y 2006,Zurbriggen_2008,OK,Zurbriggen_2008 p.1; Zurbriggen_2008 p.2,"""A total of 20 out of 174 wastewater samples were positive for 62 Sabin-like isolates"" ... ""174 wastewater samples were collected between January 2004 and October 2006 from two sewage treatment plants""",,"Coincide cifras, sitio y periodo (dos plantas del area de Zurich).",mantener,
INTB-68,Introducción,01_introduccion.tex:75,Suiza ya había adoptado un esquema exclusivo de vacuna inactivada,Zurbriggen_2008,OK,Zurbriggen_2008 p.1,"""From 2001 to 2004, Switzerland switched from routine vaccination with oral polio vaccine (OPV) to inactivated polio vaccine (IPV), using both vaccines in the intervening period""",,Coincide: el muestreo (2004-2006) es posterior al cambio completo a IPV.,mantener,
INTB-69,Introducción,01_introduccion.tex:75,Tres cuartas partes de las cepas portaban mutaciones asociadas con la reversión de la atenuación,Zurbriggen_2008,OK,Zurbriggen_2008 p.1,"""Three-quarters of the strains showed mutations within the 5 untranslated region and VP1, known to be associated with reversion to virulence""",,Coincide; la fraccion se refiere a las 20 cepas caracterizadas en detalle (una por muestra positiva).,mantener,
INTB-70,Introducción,01_introduccion.tex:75,El hallazgo muestra que el virus vacunal puede circular de forma silenciosa en países que no administran vacuna oral,Zurbriggen_2008,PARCIAL,Zurbriggen_2008 p.1,"""The low number of synonymous mutations and the partial temperature sensitivity are not consistent with extended circulation of these Sabin virus strains. Nevertheless, the continuous introduction of polioviruses into the community emphasizes the necessity for uninterrupted child vaccination""",,"Se sostiene que aparecen poliovirus vacunales en un pais con IPV exclusiva, pero los autores concluyen lo contrario de la circulacion prolongada y lo atribuyen a introduccion continua; la circulacion silenciosa aparece en el articulo solo como riesgo hipotetico (p.2).",corregir,lote1
INTB-71,Introducción,01_introduccion.tex:75,Subraya la necesidad de métodos sensibles ante la baja tasa de ataque clínico,Zurbriggen_2008,OK,Zurbriggen_2008 p.1,"""attack rate following infection with virulent polioviruses (<=1:100 paralytic case/infections)""",,Coincide.,mantener,
INTB-72,Introducción,01_introduccion.tex:75,Kissova documentaron la vigilancia ambiental de poliovirus y enterovirus no poliovirus en la República Eslovaca entre 1963 y 2019,Kissova_2022,OK,Kissova_2022 p.1,"""History of the Wastewater Assessment of Polio and Non-Polio Enteroviruses in the Slovak Republic in 1963-2019""",,Coincide.,mantener,
INTB-73,Introducción,01_introduccion.tex:75,Con más de mil aislamientos de poliovirus de origen vacunal,Kissova_2022,OK,Kissova_2022 p.1,"""We found that 1015 isolated PVs were of vaccine origin, called Sabin-like (isolates PV1, PV2, PV3)""",,Coincide.,mantener,
INTB-74,Introducción,01_introduccion.tex:75,Klapsa aislaron 118 poliovirus tipo 2 derivados de Sabin en 21 de 52 muestras de alcantarillado de Londres entre febrero y julio de 2022,Klapsa_2022,OK,Klapsa_2022 p.1,"""118 genetically linked poliovirus isolates related to the serotype 2 Sabin vaccine strain were detected in 21 of 52 sequential sewage samples collected in London between Feb 8 and July 4, 2022""",,Coincide. Verificado en el articulo original (Recursos/fuentes/polio/PIIS0140673622018049.pdf); el PDF 1-s2.0-S0140673622018852-main.pdf del mapa es solo el comentario de dos paginas.,mantener,
INTB-75,Introducción,01_introduccion.tex:75,"Veinte de ellos, con seis a diez cambios en VP1, cumplían el criterio de poliovirus derivado de vacuna",Klapsa_2022,OK,Klapsa_2022 p.1; Klapsa_2022 p.5,"""an increasing proportion (20 of 118) meet the criterion for a vaccine-derived poliovirus, having six to ten nucleotide changes in the gene coding for VP1 capsid protein""",,Coincide.,mantener,
INTB-76,Introducción,01_introduccion.tex:75,"La secuenciación Nanopore vinculó ese linaje, un recombinante con enterovirus de la especie C, con detecciones en Israel y Estados Unidos",Klapsa_2022,OK,Klapsa_2022 p.1,"""Whole-genome sequences generated through nanopore sequencing established linkage of isolates and confirmed transmission of a unique recombinant poliovirus lineage that has now been detected in Israel and the USA""",,Coincide; el caracter recombinante con enterovirus de especie C figura en la misma pagina.,mantener,
INTB-77,Introducción,01_introduccion.tex:75,La detección precedió a cualquier caso de parálisis,Klapsa_2022,OK,Klapsa_2022 p.7; Klapsa_2022 p.1,"""No cases of"" polio (seccion de resultados sobre las directrices nacionales de la UKHSA) ... ""potentially allowing circulation without detection of paralytic cases for long periods""",,Coincide.,mantener,
INTB-78,Introducción,01_introduccion.tex:75,"Ello es coherente con que la vacuna inactivada protege de la enfermedad, pero no frena la excreción del virus",Klapsa_2022,OK,Klapsa_2022 p.2,"""although inactivated virus is highly effective against paralytic polio, it is less effective at inducing intestinal immunity and interrupting poliovirus transmission""",,Coincide.,mantener,
INTB-79,Introducción,01_introduccion.tex:75,Motivó una campaña de vacunación con la vacuna inactivada en niños de 1 a 9 años,Klapsa_2022,OK,Klapsa_2022 p.1; Klapsa_2022 p.6,"""an inactivated polio vaccine campaign among children aged 1-9 years"" ... ""polio vaccine among children 1-9 years old in London""",,Coincide; la fuente la describe como dosis de refuerzo en Londres.,mantener,
INTB-80,Introducción,01_introduccion.tex:75,"En 2024, Bottcher hallaron poliovirus circulante derivado de la vacuna de tipo 2 (cVDPV2) en aguas residuales de Finlandia, Alemania, Polonia, España y Reino Unido",Bottcher_2025,OK,Bottcher_2025 p.1,"""In 2024, circulating vaccine-derived poliovirus type 2 (cVDPV2) was detected in wastewater samples in Finland, Germany, Poland, Spain and the United Kingdom""",,Coincide; las detecciones se registran desde septiembre de 2024.,mantener,
INTB-81,Introducción,01_introduccion.tex:75,Las cepas estaban emparentadas entre países,Bottcher_2025,OK,Bottcher_2025 p.1,"""All strains were genetically linked, but sequence analysis showed high genetic diversity among the strains identified within individual wastewater sites and countries""",,Coincide.,mantener,
INTB-82,Introducción,01_introduccion.tex:75,Una proximidad genética inesperada apunta a una circulación más amplia que los sitios positivos,Bottcher_2025,OK,Bottcher_2025 p.1,"""an unexpected high genetic proximity among isolates from different countries... a broader geographic distribution beyond positive sampling sites must be considered""",,Coincide.,mantener,
INTB-83,Introducción,01_introduccion.tex:75,La revisión de Lesenfants reunió 26 de estos eventos en 21 países y en las seis regiones de la OMS,Lesenfants_2026,OK,Lesenfants_2026 p.1; Lesenfants_2026 p.2,"""26 unique events across 21 countries and all six WHO regions were included""",,Coincide; los eventos ocurrieron entre 2013 y 2025.,mantener,
INTB-84,Introducción,01_introduccion.tex:75,En esos eventos la detección ambiental desencadenó respuestas de salud pública casi siempre sin casos de parálisis,Lesenfants_2026,PARCIAL,Lesenfants_2026 p.1,"""action, often in the absence of paralytic cases""",,La fuente dice 'often' (con frecuencia); 'casi siempre' sobredimensiona el calificador.,corregir,lote1
INTB-85,Introducción,01_introduccion.tex:75,La vigilancia ambiental reforzada fue la medida más frecuente,Lesenfants_2026,OK,Lesenfants_2026 p.1,"""Enhanced environmental surveillance was the most common response""",,Coincide.,mantener,
INTB-86,Introducción,01_introduccion.tex:77,La diferenciación intratípica y la secuenciación de la región VP1 permiten establecer relaciones genéticas para inferir el origen de un aislamiento,Asghar_2014;Klapsa_2022,PARCIAL,Asghar_2014 p.3; Klapsa_2022 p.2,"""These polioviruses are sequenced... to characterize their genetic relationship to polioviruses isolated from other environmental samples and from AFP cases"" (Asghar); ""The gene coding for capsid VP1 protein is commonly used for this analysis"" (Klapsa)",Shaw_2022 p.1,La secuenciacion de VP1 y la inferencia de relaciones geneticas y de origen se sostienen (Asghar p.3 y p.9); el termino 'diferenciacion intratipica' no aparece en Asghar ni en Klapsa y si en Shaw_2022 ('intratypic differentiation quantitative reverse transcription PCR').,corregir,lote3a
INTB-87,Introducción,01_introduccion.tex:77,Ello orienta la respuesta de salud pública,Asghar_2014;Klapsa_2022,OK,Asghar_2014 p.3; Klapsa_2022 p.3,"""The combination of AFP and ES data are then used to identify areas of increased risk and to specifically target vaccination"" (Asghar); ""public health interventions to protect children from developing paralytic polio and to stop virus transmission"" (Klapsa)",,Coincide.,mantener,
INTB-88,Introducción,01_introduccion.tex:77,Shaw estimaron que los flujos tradicionales de confirmación de brotes de VDPV2 pueden tardar semanas,Shaw_2022,OK,Shaw_2022 p.1,"""New VDPV2 outbreaks were confirmed a median of 35 days (27-60) after paralysis onset"" ... ""VDPV2 confirmation in 525 stools required a median of 49 days from paralysis onset""",,Coincide; el alcance es heces de ninos con paralisis flacida aguda en Africa (mayo 2016-febrero 2020).,mantener,
INTB-89,Introducción,01_introduccion.tex:77,Argumentaron que la detección molecular directa y la secuenciación Nanopore acortaron esos tiempos,Shaw_2022,PARCIAL,Shaw_2022 p.1,"""which we estimate could be reduced to 16 days by DDNS (9-37)"" ... ""DDNS could accelerate poliovirus outbreak response""",,"El estudio modela una reduccion potencial (condicional), no una reduccion ya lograda; el texto la presenta en pasado como hecho consumado.",corregir,lote1
INTC-01,Introducción,01_introduccion.tex:83,La RT-qPCR combina la transcripción reversa del ARN viral a ADN complementario con la amplificación cuantitativa en tiempo real,Ahmed_2020,PARCIAL,Ahmed_2020 p.2; Ahmed_2020 p.3,"""viral RNA copies were enumerated using reverse transcriptase quantitative polymerase chain reaction (RT-qPCR)"" (p.2); ""iTaq™ Universal Probes One-Step Reaction Mix ... 0.50 μL of iScript advanced reverse transcriptase"" (p.3)",,"Ahmed usa RT-qPCR en un paso con transcriptasa reversa; no define el principio (ADNc + amplificación en tiempo real), que es una descripción genérica no textual.",mantener,
INTC-02,Introducción,01_introduccion.tex:83,En vigilancia de aguas residuales la señal se estima mediante el Cq y la concentración calculada a partir de curvas estándar,Ahmed_2020,OK,Ahmed_2020 p.3; Ahmed_2020 p.6,"""gBlocks gene fragments ... used as standards or positive controls"" (p.3); ""The slope of the standards for N_Sarbeco and NIID_2019-nCOV_N assays were −2.99 and −3.10"" (p.6); ""The Cq values of the WWTP B1 and B2 samples were 37.5 and 39, corresponding to 12 and 1.9 copies/100 mL of untreated wastewater"" (p.6)",,Cq convertido a copias mediante estándares; la frase LaTeX tiene redacción defectuosa ('mediante ... mediante').,mantener,
INTC-03,Introducción,01_introduccion.tex:83,Su uso fue central desde los primeros reportes de SARS-CoV-2 en aguas residuales,Ahmed_2020,PARCIAL,Ahmed_2020 p.2,"""First confirmed detection of SARS-CoV-2 in untreated wastewater in Australia"" (p.2); ""First study that reports the detection of SARS-CoV-2 in wastewater in Australia."" (p.2)",,Ahmed es la primera detección en Australia (no en el mundo) y usa RT-qPCR; 'central desde los primeros reportes' es una generalización no declarada.,corregir,lote1
INTC-04,Introducción,01_introduccion.tex:83,La RT-qPCR sigue siendo el paso que confirma la presencia viral,Ahmed_2020,NO,Ahmed_2020 p.2; Ahmed_2020 p.7,"""The presence of SARS-CoV-2 was confirmed by sequencing."" (p.2); ""Since wastewater is a complex matrix and some assays may produce false-positive results, we recommend sequencing RT-qPCR products for confirmation."" (p.7)",,"Ahmed sostiene lo contrario: la confirmación la da la secuenciación de los productos de RT-qPCR, no la RT-qPCR.",corregir,lote1
INTC-05,Introducción,01_introduccion.tex:85,Los controles negativos detectan contaminación y los positivos verifican el desempeño del ensayo,Hughes_2022,OK,Hughes_2022 p.3; Hughes_2022 p.4,"""All positive and negative controls were positive and negative, respectively, indicating assays performed well and without contamination."" (p.4); ""RNA extraction and PCR negative and positive controls were included to ensure no contamination"" (p.3)",,"Oración-lista sin cita propia; la cita Hughes está en la oración siguiente, pero el contenido se sostiene.",mantener,
INTC-06,Introducción,01_introduccion.tex:85,Los controles de recuperación evalúan las pérdidas durante el procesamiento,Hughes_2022,OK,Hughes_2022 p.3; Hughes_2022 p.4,"""BCoV was spiked into the samples and used as an additional recovery control; all samples were required to have greater than 10% BCoV recovery."" (p.3); ""BCoV recoveries were higher than 10% ... suggesting an efficient and acceptable recovery of RNA during RNA extraction"" (p.4)",,,mantener,
INTC-07,Introducción,01_introduccion.tex:85,Los marcadores de normalización corrigen las variaciones por dilución y carga de sólidos,Hughes_2022,PARCIAL,Hughes_2022 p.4,"""Normalizing by PMMoV can serve to correct for sample-to-sample changes in RNA extraction efficiency, concentrations during storage, or differences in the fecal strength of the wastewater"" (p.4)",,"PMMoV corrige eficiencia de extracción, almacenamiento y fuerza fecal (equivalente a dilución); 'carga de sólidos' no aparece.",corregir,lote3a
INTC-08,Introducción,01_introduccion.tex:85,Hughes et al. analizaron RSV en sólidos sedimentados con controles de recuperación,Hughes_2022,OK,Hughes_2022 p.3,"""(PMMoV), and bovine coronavirus (BCoV) recovery ... PMMoV is highly abundant in human stool ... recovery and fecal strength control for the wastewater samples"" (p.3)",,,mantener,
INTC-09,Introducción,01_introduccion.tex:85,Hughes et al. incorporaron evaluación de inhibición,Hughes_2022,PARCIAL,Hughes_2022 p.2,"""followed by PCR inhibitor removal with the Zymo OneStep-96 PCR Inhibitor Removal kit"" (p.2)",,"Hughes describe remoción de inhibidores, no una evaluación de inhibición.",corregir,lote3a
INTC-10,Introducción,01_introduccion.tex:85,Hughes et al. normalizaron con PMMoV,Hughes_2022,OK,Hughes_2022 p.4,"""We repeated the analysis normalizing RSV RNA concentrations by PMMoV and found similar results."" (p.4)",,,mantener,
INTC-11,Introducción,01_introduccion.tex:87,"Las limitaciones en aguas residuales surgen de los inhibidores de amplificación, la degradación del ARN y las cargas cercanas al límite de detección",Parkins_2023,PARCIAL,Parkins_2023 p.19; Parkins_2023 p.9,"""Inhibitory substances in the sample can suppress PCR amplification partially or completely, resulting in incorrect quantification or false-negative results"" (p.19); ""several studies have documented nucleic acid degradation of SARS-CoV-2 and other viruses associated with both freezing and warming of wastewater"" (p.9)","MejiaCalle_2024 p.40 (""observed CT values were relatively late, likely due to viral RNA fragmentation"")","Sin cita propia (la cita Parkins cierra el párrafo); inhibidores y degradación se sostienen, el límite de detección no aparece como limitación en Parkins.",corregir,lote3a
INTC-12,Introducción,01_introduccion.tex:87,En la PTAR Quitumbe se secuenciaron 36 de 47 muestras y 11 quedaron sin secuenciar por Cq muy tardíos,MejiaCalle_2024,OK,MejiaCalle_2024 p.45,"""A total of 47 samples were collected using the 3D-printed passive devices. Of these, only 36 samples could be sequenced, as the remaining 11 samples had very late CT values, which prevented successful sequencing."" (p.45)",,,mantener,
INTC-13,Introducción,01_introduccion.tex:87,"Mejía-Calle incluyó muestras con Cq superiores a 38, por encima del umbral de 35 que aplicaba la mayoría de los estudios revisados",MejiaCalle_2024,OK,MejiaCalle_2024 p.56,"""approximately 15 of the 47 samples processed for the N1 and N2 genes had late Ct values (>38). Most studies reviewed only samples sequenced with Ct values less than 35, but in this study, samples with higher Ct values were sequenced."" (p.56)",,,mantener,
INTC-14,Introducción,01_introduccion.tex:87,La carga detectada por RT-qPCR determinó qué muestras avanzaron a secuenciación,MejiaCalle_2024,OK,MejiaCalle_2024 p.58; MejiaCalle_2024 p.60,"""we successfully assigned lineages to all sequenced samples by selecting them based on their Ct values obtained through qPCR"" (p.58); ""the Ct values used to select sequenced samples likely prioritized those with higher viral loads"" (p.60)",,,mantener,
INTC-15,Introducción,01_introduccion.tex:87,La detección molecular se interpreta junto con los controles de calidad y las características del flujo de procesamiento de cada muestra,Parkins_2023,OK,Parkins_2023 p.10; Parkins_2023 p.18,"""collection and use of wastewater-associated “metadata” are often useful during quality assurance and data interpretation"" (p.10); ""To assess the impact of these factors on reducing PCR efficiency, an internal control should be assessed in each sample."" (p.18)",,,mantener,
INTC-16,Introducción,01_introduccion.tex:91,La PCR múltiple amplifica varios blancos en una misma reacción o en un flujo coordinado de amplificación,Le_2025,OK,Le_2025 p.1; Le_2025 p.2,"""amplified in a multiplex tiling PCR with specific primers, generating 39 amplicons ~ 550 bp"" (p.1); ""amplified in a multiplex tiling PCR in two primer pools"" (p.2)",,,mantener,
INTC-17,Introducción,01_introduccion.tex:91,En vigilancia viral la PCR múltiple permite detectar distintos patógenos,Le_2025,NO,,,,"Le_2025 trabaja solo con RSV; no menciona detección de varios patógenos. Child_2023 p.1 señala lo opuesto para métodos dirigidos (""limited to the surveillance of target viruses in a single assay"").",corregir,lote3a
INTC-18,Introducción,01_introduccion.tex:91,La PCR múltiple permite diferenciar subgrupos,Le_2025,PARCIAL,Le_2025 p.6; Le_2025 p.3,"""The usage of RSV-A and RSV-B pan-subtype primers improve the handling performance, compared to subtype-specific protocols"" (p.6); ""an automatic RSV subtype detection ... the RSVTyper aligns all reads against a panel of RSV-A and RSV-B sequences"" (p.3)",,"Los cebadores son pan-subtipo; la diferenciación de subgrupos la hace el paso bioinformático, no la PCR.",corregir,lote3a
INTC-19,Introducción,01_introduccion.tex:91,La PCR múltiple genera conjuntos de amplicones que cubren regiones extensas del genoma,Le_2025,OK,Le_2025 p.2,"""we designed 126 RSV-specific primers (65 in pool 1 and 61 in pool 2), generating 39 overlapping amplicons"" (p.2)",,,mantener,
INTC-20,Introducción,01_introduccion.tex:91,Reduce el costo y el tiempo de procesamiento,Le_2025,PARCIAL,Le_2025 p.6; Le_2025 p.7; Le_2025 p.8,"""amplicon-based methods are inexpensive to implement and can be performed with standard laboratory equipment"" (p.7); ""Hybridization capture techniques are ... more expensive to implement, more time-consuming"" (p.6); ""Nanopore sequencing ... allows rapid analysis during sequencing"" (p.8)",,"Costo bajo sostenido; el menor tiempo se dice de la captura híbrida por contraste y del análisis Nanopore, no de la PCR múltiple.",corregir,lote3a
INTC-21,Introducción,01_introduccion.tex:91,Puede realizarse con equipamiento de laboratorio estándar,Le_2025,OK,Le_2025 p.7,"""amplicon-based methods are inexpensive to implement and can be performed with standard laboratory equipment"" (p.7)",,,mantener,
INTC-22,Introducción,01_introduccion.tex:93,Los paneles de amplicones solapados aumentan la probabilidad de recuperar el genoma a partir de ARN degradado o de escasa abundancia,Child_2023,PARCIAL,Child_2023 p.2; Child_2023 p.8; Child_2023 p.11,"""Whole genome sequencing (WGS) via PCR can provide high sensitivity for viral detection in degraded samples, such as those from wastewater"" (p.2); ""These results demonstrated the high sensitivity of tiled PCR for sequencing viruses with very low abundance in wastewater samples."" (p.8); ""nucleic acid degradation in wastewater samples, which can restrict the contiguous binding of primer pairs"" (p.11)","Le_2025 p.7 (""smaller amplicons are more robust regarding low RNA quality"")","Baja abundancia sostenida; para ARN degradado Child muestra que la degradación redujo el éxito de los esquemas de 1,2 kb (NoVGII, HAdV41).",corregir,lote3a
INTC-23,Introducción,01_introduccion.tex:93,Le et al. aplicaron para RSV un panel de 39 amplicones solapados de ~550 pb,Le_2025,OK,Le_2025 p.1; Le_2025 p.2,"""generating 39 amplicons ~ 550 bp in length, and sequenced with Oxford Nanopore Technologies"" (p.1); ""generating 39 overlapping amplicons"" (p.2)",,En p.2 el diseño se describe como ~500 pb; el resumen dice ~550 pb.,mantener,
INTC-24,Introducción,01_introduccion.tex:93,Mediante secuenciación Nanopore y análisis automático,Le_2025,OK,Le_2025 p.1; Le_2025 p.3,"""Sequencing reads of patient isolates were analyzed with the RSVTyper pipeline, a tailored analysis pipeline"" (p.1); ""an automatic RSV subtype detection as a first step"" (p.3)",,,mantener,
INTC-25,Introducción,01_introduccion.tex:95,Un positivo con Cq tardío requiere cautela cuando la carga es baja o la matriz contiene inhibidores que suprimen la amplificación,Parkins_2023,PARCIAL,Parkins_2023 p.19,"""Inhibitory substances in the sample can suppress PCR amplification partially or completely, resulting in incorrect quantification or false-negative results"" (p.19); ""One common definition for inhibited PCR reaction is a different amplification profile with 2 Cts greater than the expected Ct values"" (p.19)","Ahmed_2020 p.7 (""some assays may produce false-positive results, we recommend sequencing RT-qPCR products"")",Parkins sostiene que los inhibidores suprimen la amplificación y retrasan el Ct; no formula la cautela sobre positivos con Cq tardío.,corregir,lote3a
INTC-26,Introducción,01_introduccion.tex:95,Un negativo puede reflejar ausencia del blanco,Child_2023,OK,Child_2023 p.8,"""MeV and HAV were also absent in metagenomic libraries from all samples, suggesting that they were not present in sufficient quantities for PCR detection in the wastewater samples tested."" (p.8)",,,mantener,
INTC-27,Introducción,01_introduccion.tex:95,Un negativo puede reflejar una unión deficiente de los cebadores a un ARN degradado,Child_2023,OK,Child_2023 p.11,"""may have been caused by nucleic acid degradation in wastewater samples, which can restrict the contiguous binding of primer pairs to DNA/cDNA fragments"" (p.11)",,,mantener,
INTC-28,Introducción,01_introduccion.tex:95,Los sesgos de amplificación favorecen ciertas regiones o linajes,MejiaCalle_2024,OK,MejiaCalle_2024 p.46; MejiaCalle_2024 p.49,"""changes in primer recognition sites may have affected the results by targeting more conserved viral regions, leading to the detection of ancestral lineages"" (p.46); ""only the conserved part of the virus was being sequenced in samples from March to August, resulting in the assignment of a more primitive lineage"" (p.49)",,,mantener,
INTC-29,Introducción,01_introduccion.tex:95,Mejía-Calle asoció los cambios de cebadores con la afectación de la representación de variantes minoritarias,MejiaCalle_2024,PARCIAL,MejiaCalle_2024 p.60; MejiaCalle_2024 p.61,"""July 2024, which impacted the detection of circulating lineages and led to the identification of primitive lineages"" (p.61); ""the Ct values used to select sequenced samples likely prioritized those with higher viral loads, which may have excluded low-abundance lineages"" (p.60)",,"El cambio de cebadores se asocia a asignación de linajes primitivos; la pérdida de linajes de baja abundancia la atribuye a la selección por Ct, no a los cebadores.",corregir,lote1
INTC-30,Introducción,01_introduccion.tex:99,La secuenciación de Sanger (primera generación) lee un solo fragmento por reacción,Dash_2024,OK,Dash_2024 p.60; Dash_2024 p.61; Dash_2024 p.84,"""The Sanger method, also known as first-generation sequencing"" (p.60); ""Sanger sequencing is capable of producing a template sequence per reaction"" (p.61); ""the Sanger method only sequences a single DNA fragment at a time"" (p.84)",,,mantener,
INTC-31,Introducción,01_introduccion.tex:99,Longitud útil de unos 700 a 900 pares de bases,Dash_2024,OK,Dash_2024 p.61,"""deteriorating quality of sequencing reads after 700e900 bases"" (p.61)",,"El libro habla de bases (lectura), no de pares de bases.",mantener,
INTC-32,Introducción,01_introduccion.tex:99,Durante décadas fue el estándar de la secuenciación de ADN,Dash_2024,OK,Dash_2024 p.60,"""the Sanger method, which represented the gold standard for DNA sequencing for approximately 40 years"" (p.60)",,,mantener,
INTC-33,Introducción,01_introduccion.tex:99,La NGS ejecuta de millones a miles de millones de reacciones en paralelo,Dash_2024,OK,Dash_2024 p.61,"""NGS enables performing millions to billions of sequencing reactions simultaneously in multiple samples"" (p.61)",,,mantener,
INTC-34,Introducción,01_introduccion.tex:99,Reconstruye las lecturas mediante bioinformática en comparación con un genoma de referencia,Dash_2024,OK,Dash_2024 p.84,"""Bioinformatics analyses are then used to piece together these fragments by mapping the individual reads to the human reference genome."" (p.84)",,,mantener,
INTC-35,Introducción,01_introduccion.tex:99,La secuenciación profunda detecta variantes a frecuencias alélicas más bajas que Sanger,Dash_2024,OK,Dash_2024 p.61; Dash_2024 p.84,"""the ability to detect variants at lower allele frequencies than with Sanger sequencing"" (p.61); ""With deep sequencing, NGS also has a higher discovery capability for detecting novel or rare variants."" (p.84)",,,mantener,
INTC-36,Introducción,01_introduccion.tex:99,Esa ventaja permite detectar linajes minoritarios que coexisten en una muestra de aguas residuales que mezcla genomas de muchos individuos,Dash_2024,PARCIAL,Dash_2024 p.61,"""the ability to detect variants at lower allele frequencies than with Sanger sequencing"" (p.61)","Karthikeyan_2022 p.3 (""Wastewater systems aggregate stool, urine and other biological waste products carrying viruses from multiple infected individuals"")",Dash (libro forense) no menciona aguas residuales ni linajes; la aplicación a mezclas de aguas residuales es inferencia de la autora.,corregir,lote3a
INTC-37,Introducción,01_introduccion.tex:99,"Según la longitud de lectura, la NGS se divide en segunda generación (lecturas cortas) y tercera generación (lecturas largas en tiempo real)",Dash_2024,OK,Dash_2024 p.61,"""Depending on the length of sequences produced second- and third-generation sequencing methods are available, and they are defined as short-read and real-time long-read technologies, respectively"" (p.61)",,,mantener,
INTC-38,Introducción,01_introduccion.tex:99,La secuenciación por nanoporos pertenece a la tercera generación,Dash_2024,OK,Dash_2024 p.110,"""The introduction of nanopore sequencing, a third-generation sequencing system"" (p.110)",,Cláusula posterior a la cita; se sostiene en Dash.,mantener,
INTC-39,Introducción,01_introduccion.tex:103,ONT mide los cambios de corriente eléctrica generados cuando una molécula de ácido nucleico atraviesa un nanoporo,Dash_2024,OK,Dash_2024 p.111,"""The presence of a DNA molecule alters the ionic current by partially blocking the aperture. As each nucleotide modifies the current in a slightly different way, the obtained current profile, called a ‘squiggle’, can be translated to a nucleotide sequence"" (p.111)",,,mantener,
INTC-40,Introducción,01_introduccion.tex:103,Produce lecturas largas en tiempo real,Dash_2024,OK,Dash_2024 p.110; Dash_2024 p.111,"""individual DNA molecules are sequenced in real-time without the intervention of a polymerase enzyme"" (p.111); ""This long-read sequencing yields reads spanning more than 500 nucleotides."" (p.110)",,,mantener,
INTC-41,Introducción,01_introduccion.tex:103,En dispositivos portátiles como el MinION,Dash_2024,OK,Dash_2024 p.110; Dash_2024 p.112,"""ONT commercializes a handheld sequencing device, the MinION, at a negligible cost"" (p.110); ""The smallest device is the MinION, which weighs less than 0.5 kg."" (p.112)",,,mantener,
INTC-42,Introducción,01_introduccion.tex:103,Útiles para la vigilancia genómica de brotes y de muestras ambientales en contextos con infraestructura variable,Dash_2024,PARCIAL,Dash_2024 p.110; Dash_2024 p.116,"""the device’s small footprint allows for sequencing in remote locations, e.g., at a crime scene"" (p.110); ""the low cost of the platform enables laboratory-based sequencing in regions where access to costly NGS devices is limited"" (p.116)",,Dash sostiene uso en lugares remotos y con acceso limitado (contexto forense); no menciona vigilancia de brotes ni muestras ambientales.,corregir,lote3a
INTC-43,Introducción,01_introduccion.tex:105,Nanopore se ha aplicado a SARS-CoV-2 en la PTAR Quitumbe,MejiaCalle_2024,OK,MejiaCalle_2024 p.10,"""SARS-CoV-2 detection was performed using real-time PCR, and multiplex PCR was used for sequencing with Oxford Nanopore Technology."" (p.10)",,,mantener,
INTC-44,Introducción,01_introduccion.tex:105,Nanopore se ha aplicado a poliovirus derivado de vacuna en el alcantarillado de Londres,Klapsa_2022,OK,Klapsa_2022 p.1,"""We additionally implemented direct molecular detection and determined whole-genome sequences of every isolate using novel nanopore protocols."" ; ""118 genetically linked poliovirus isolates related to the serotype 2 Sabin vaccine strain were detected in 21 of 52 sequential sewage samples collected in London"" (p.1, PIIS0140673622018049.pdf)",,"Verificado contra el artículo original (PIIS0140673622018049.pdf), no contra el comentario de Hill y Pollard. Los aislados son relacionados con Sabin 2; solo 20 de 118 cumplen el criterio VDPV.",mantener,
INTC-45,Introducción,01_introduccion.tex:105,Nanopore se ha aplicado a genomas completos de RSV,Le_2025,OK,Le_2025 p.1,"""generating 39 amplicons ~ 550 bp in length, and sequenced with Oxford Nanopore Technologies"" (p.1)",,,mantener,
INTC-46,Introducción,01_introduccion.tex:105,Lo que permite procesar los tres virus en un mismo flujo de secuenciación,MejiaCalle_2024;Klapsa_2022;Le_2025,NO,,,,Inferencia de la autora; ninguna de las tres fuentes procesa más de un virus ni propone un flujo común.,corregir,lote3a
INTC-47,Introducción,01_introduccion.tex:107,"El basecalling traduce la señal de corriente, con cinco a siete nucleótidos en el poro a la vez",Dash_2024,OK,Dash_2024 p.111; Dash_2024 p.112,"""This process is called base calling and is performed by machine learning algorithms. Advanced computational methodologies are necessary, as at each moment in time, a sequence of 5e7 nucleotides is present in a pore"" (p.111-112)",,,mantener,
INTC-48,Introducción,01_introduccion.tex:107,La tasa de error cruda es mayor que la de las plataformas de lectura corta,Dash_2024,OK,Dash_2024 p.116; Dash_2024 p.119,"""As the error rate of nanopore reads is higher compared to most NGS methods"" (p.116); ""The first important challenge is the raw read accuracy, which is still lower than Illumina sequencing."" (p.119)",,,mantener,
INTC-49,Introducción,01_introduccion.tex:107,Sobre todo en homopolímeros,Dash_2024,OK,Dash_2024 p.112; Dash_2024 p.116,"""Sequencing using the R9 nanopores ... proved to be troublesome for DNA strands containing homopolymers"" (p.112); ""A considerable portion of these errors could be attributed to homopolymeric stretches."" (p.116)",,,mantener,
INTC-50,Introducción,01_introduccion.tex:107,Esa tasa solo baja del 1 % con las celdas R10.4 y el kit Q20+,Dash_2024,OK,Dash_2024 p.119,"""the R10.4 version was the most recent flow cell version, with a modal accuracy above 99% reported when used in combination with the so-called ‘Q20þ’ sequencing kit"" (p.119)",,"Exactitud modal >99 % equivale a error <1 %; el 'solo' es énfasis de la autora (Dash p.116 reporta además ~1,00 % de error en ADNmt).",mantener,
INTC-51,Introducción,01_introduccion.tex:107,El control de calidad y la generación de un consenso reducen su impacto,Dash_2024,OK,Dash_2024 p.116; Dash_2024 p.117,"""a well-performing data-analysis workflow is crucial to obtain highly accurate consensus sequences"" (p.116-117); ""Reads are first filtered based on quality and size ... A consensus read is then constructed"" (p.117)",,,mantener,
INTC-52,Introducción,01_introduccion.tex:112,Karthikeyan et al. siguieron en el alcantarillado de San Diego el recambio de Delta por Ómicron y sus sublinajes,Karthikeyan_2022,OK,Karthikeyan_2022 p.1,"""In more recent San Diego-wide data collected from September 2021 to February 2022, we studied ongoing transmission of the Delta variant and the rapid spread of the Omicron variant and its sublineages."" (p.1)",,,mantener,
INTC-53,Introducción,01_introduccion.tex:112,En RSV la diversidad estacional obliga a mapear contra un panel de diez referencias de RSV-A y diez de RSV-B,Le_2025,PARCIAL,Le_2025 p.3; Le_2025 p.10,"""we decided to create our own reference panel consisting of 10 RSV-A and 10 RSV-B references"" (p.3); ""Due to the high diversity of RSV, analysis of the sequencing reads relative to a single reference would not lead to reliable results. Thus, a panel of 20 representative RSV reference sequences, comprising 10 sequences for each subtype"" (p.10)",,"Panel 10+10 exacto; la justificación es la diversidad del RSV y las diferencias en el consenso (duplicación del gen G), no la diversidad 'estacional'.",corregir,lote1
INTC-54,Introducción,01_introduccion.tex:112,El subtipo de referencia equivocado hace caer la cobertura de 50 000 a menos de 10 lecturas por posición,Le_2025,PARCIAL,Le_2025 p.3,"""particularly problematic in regions between nt 4,200-5,800 and nt 7,600-7,800, where the mapping frequency dropped from 50,000x to < 10x or from 2,000x to 0, when the wrong reference was used"" (p.3)",,"Cifras correctas pero restringidas a la región nt 4.200-5.800, no a todo el genoma; el problema del subtipo se resolvió con la detección automática de subtipo, no con el panel de 20.",corregir,lote1
INTC-55,Introducción,01_introduccion.tex:112,En poliovirus la distancia de la región VP1 a la cepa Sabin fecha cada aislado,Bottcher_2025,PARCIAL,Bottcher_2025 p.4,"""The European cVDPV2 strains form a separate cluster within NIE-ZAS-1 branching pattern and showed 13 VP1 nt differences from the parent cluster suggesting at least 1 year of undetected circulation"" (p.4)",,"Böttcher infiere tiempo de circulación no detectada a partir de diferencias VP1 con el clúster parental, no fecha cada aislado por su distancia a Sabin.",corregir,lote1
INTC-56,Introducción,01_introduccion.tex:112,Los cVDPV2 detectados en Europa en 2024 acumularon entre 43 y 52 diferencias respecto a Sabin 2,Bottcher_2025,OK,Bottcher_2025 p.4,"""All cVDPV2 strains were genetically related to each other and showed 43–52 VP1 nt differences from the Sabin 2 vaccine reference strain."" (p.4)",,"Diferencias nucleotídicas en VP1 (la tesis omite que son en VP1 en esa cláusula, aunque el contexto lo implica).",mantener,
INTC-57,Introducción,01_introduccion.tex:114,La señal en aguas residuales es poblacional porque una muestra contiene genomas de múltiples individuos y de distintos estados de infección,Karthikeyan_2022,PARCIAL,Karthikeyan_2022 p.3,"""Wastewater systems aggregate stool, urine and other biological waste products carrying viruses from multiple infected individuals in the community in a single location"" (p.3)",,"Sin cita propia en la oración; 'múltiples individuos' se sostiene en Karthikeyan, 'distintos estados de infección' no aparece.",corregir,lote3a
INTC-58,Introducción,01_introduccion.tex:114,Crits-Christoph et al. recuperaron genomas de consenso completos (cobertura >99 %) en 7 de 22 muestras,Crits_Christoph_2021,OK,Crits_Christoph_2021 p.3,"""We obtained complete consensus SARS-CoV-2 genomes (breadth of coverage >99%) from 7 of 22 samples (31%)"" (p.3)",,,mantener,
INTC-59,Introducción,01_introduccion.tex:114,Únicamente con Cq inferior a 33,Crits_Christoph_2021,OK,Crits_Christoph_2021 p.3,"""Only samples with RT-qPCR CT values <33 (~25 genome copies/ml) yielded complete consensus genomes"" (p.3)",,,mantener,
INTC-60,Introducción,01_introduccion.tex:114,Con el SARS-CoV-2 entre el 0 y el 14 % de las lecturas,Crits_Christoph_2021,OK,Crits_Christoph_2021 p.2,"""We detected SARS-CoV-2 at various abundances of sequenced RNA/DNA (0 to 14%) across samples"" (p.2)",,Valor tras enriquecimiento por captura de oligos (panel respiratorio de Illumina).,mantener,
INTC-61,Introducción,01_introduccion.tex:114,"Karthikeyan et al. desarrollaron Freyja porque pangolin y UShER, pensados para muestras clínicas con un único linaje dominante, no estiman las abundancias de una mezcla",Karthikeyan_2022,OK,Karthikeyan_2022 p.1,"""pangolin and UShER, were designed for clinical samples containing a single dominant variant, and cannot estimate relative abundances of multiple SARS-CoV-2 lineages in samples with virus mixtures such as wastewater."" (p.1)",,,mantener,
INTC-62,Introducción,01_introduccion.tex:114,Freyja deconvoluciona la proporción de cada linaje a partir de una biblioteca de mutaciones definitorias,Karthikeyan_2022,OK,Karthikeyan_2022 p.3,"""Freyja uses a ‘barcode’ library of lineage-defining mutations to represent each SARS-CoV-2 lineage in the global phylogeny"" (p.3)",,,mantener,
INTC-63,Introducción,01_introduccion.tex:114,Sobre muestras con más del 70 % de cobertura,Karthikeyan_2022,OK,Karthikeyan_2022 p.10,"""Analysis was only performed on samples with greater than 70% coverage, with the exception of March samples from the UCSD for which all samples with greater than 50% coverage were used."" (p.10)",,Con excepción de muestras de marzo (>50 %).,mantener,
INTC-64,Introducción,01_introduccion.tex:114,Freyja pondera la profundidad desigual entre amplicones para no sobrerrepresentar los minoritarios,Karthikeyan_2022,PARCIAL,Karthikeyan_2022 p.3,"""As SNV frequencies at positions with greater sequencing depth more accurately estimate the true mutation frequency, Freyja recovers relative lineage abundance by solving a depth-weighted least absolute deviation regression problem"" ; ""providing robustness to common attributes of real sequencing data such as heavily skewed read depth across amplicons"" (p.3)",,La ponderación por profundidad y la robustez ante profundidad sesgada entre amplicones se sostienen; 'para no sobrerrepresentar los minoritarios' no aparece.,corregir,lote3a
INTC-65,Introducción,01_introduccion.tex:114,Detectar un linaje minoritario depende de la cobertura del genoma y de las regiones diagnósticas,Child_2023,PARCIAL,Child_2023 p.9,"""many sequences could not be assigned, possibly due to coverage of amplicon regions not containing variations required for differentiation of genotypes"" (p.9); ""the additional sensitivity provided by tiled-PCR sequencing can improve the resolution of variant detection ... in wastewater samples containing variant mixtures"" (p.9)",,"Child habla de genotipado de norovirus GI y resolución de variantes en mezclas, no específicamente de linajes minoritarios.",corregir,lote3a
INTC-66,Introducción,01_introduccion.tex:114,Los controles bioinformáticos acotan los falsos positivos por error de secuenciación o contaminación cruzada,Dash_2024,OK,Dash_2024 p.134; Dash_2024 p.137,"""False-positive SNPs can arise from sequencing errors, PCR duplicates, or rare variants. Therefore, it is important to filter out low-quality SNPs or those with low coverage."" (p.134); ""These errors can result from sequencing errors, PCR biases, or sample contamination."" (p.137)",,"Contexto de microhaplotipos forenses; Dash dice 'sample contamination', no 'cross-contamination' en este pasaje.",mantener,
INTC-67,Introducción,01_introduccion.tex:118,El demultiplexado separa las lecturas de cada muestra por sus índices i7 e i5 de ocho bases,Dash_2024,OK,Dash_2024 p.92,"""The unique forward and reverse adapter i7 and i5 index sequence combinations are added to the targets to label them for demultiplexing"" ; ""An index, which is similar to a barcode, is made up of an 8-bp sequence that is used to demultiplex the sample data once it has been sequenced."" (p.92)",,Contexto: biblioteca ForenSeq de Illumina; los índices i7/i5 no aplican a Nanopore.,mantener,
INTC-68,Introducción,01_introduccion.tex:118,"Sigue con el recorte de adaptadores, el filtrado por calidad y el mapeo o ensamblaje del consenso",Dash_2024,OK,Dash_2024 p.31; Dash_2024 p.134,"""Preprocessing the data to remove adapter sequences and low-quality reads, mapping the data to a reference genome or de novo alignment of the sequence reads"" (p.31); ""Low-quality reads should be removed, and adapter sequences should be trimmed to ensure accurate read alignment."" (p.134)",,,mantener,
INTC-69,Introducción,01_introduccion.tex:118,Nanopore genera lecturas largas y orienta su control a la longitud,Dash_2024,PARCIAL,Dash_2024 p.110; Dash_2024 p.117,"""This long-read sequencing yields reads spanning more than 500 nucleotides."" (p.110); ""Reads are first filtered based on quality and size"" (p.117)",,"Lecturas largas sostenidas; el filtrado Nanopore descrito es por calidad y tamaño, no orientado a la longitud en exclusiva.",corregir,lote3a
INTC-70,Introducción,01_introduccion.tex:118,Illumina produce lecturas cortas pareadas de unas 150 bases por extremo,Dash_2024,PARCIAL,Dash_2024 p.67; Dash_2024 p.280,"""Illumina NovaSeq (2019) ... 2 × 50 – 2 × 150 bp"" (p.67); ""NextSeq 550 series 2 × 150 bp"" (p.280); ""MiSeq FGX ... 2 × 300 bp"" (p.280)","Child_2023 p.3 (""2× 150 bp read pairs"")",2×150 es una configuración de varias tablas; Dash reporta rangos de 2×50 a 2×300 según el equipo.,corregir,lote3a
INTC-71,Introducción,01_introduccion.tex:118,El control de calidad de Illumina se concentra en la calidad por base y en el emparejamiento de los extremos,Dash_2024,NO,,,,No se halló en Dash un pasaje que describa control de calidad por base ni emparejamiento de extremos para Illumina.,corregir,lote3a
INTC-72,Introducción,01_introduccion.tex:120,"Child et al. compararon metagenómica shotgun, captura híbrida y PCR por amplicones en el mismo influente",Child_2023,OK,Child_2023 p.3; Child_2023 p.6; Child_2023 p.10,"""total nucleic acid samples extracted from influent wastewater were sequenced using a shotgun approach"" (p.3); ""a tiled-PCR approach was applied to the same samples"" (p.6); ""the utility of metagenomic shotgun sequencing, hybrid-capture enrichment, and targeted amplicon sequencing was compared"" (p.10)",,,mantener,
INTC-73,Introducción,01_introduccion.tex:120,La metagenómica shotgun usó 303 millones de lecturas por muestra,Child_2023,OK,Child_2023 p.3,"""A mean sequencing depth of 303 million (SD = 9.6 million) 2× 150 bp read pairs was obtained for shotgun libraries"" (p.3)",,"Son pares de lecturas (media), no lecturas individuales.",mantener,
INTC-74,Introducción,01_introduccion.tex:120,"Asignó menos del 0,6 % a virus y el 99,6 % a bacterias",Child_2023,OK,Child_2023 p.3,"""<0.6% of reads were assigned to viruses across all shotgun libraries (Fig. 1a), with a mean of 99.6% (SD = 0.5%) reads assigned to bacteria"" (p.3)",,,mantener,
INTC-75,Introducción,01_introduccion.tex:120,La shotgun no detectó un enterovirus D68 del que la PCR por amplicones recuperó el 86 % del genoma,Child_2023,OK,Child_2023 p.8,"""a mean genome coverage breadth of 86% (SD = 4%) and depth of 11,383× ... were obtained in 8/27 wastewater samples for EV-D68 through tiled-PCR sequencing (Fig. 4b). Despite the high sequencing depth of shotgun libraries, EV-D68 was not identified in any of the samples using metagenomic methods"" (p.8)",,86 % es la media en 8 de 27 muestras.,mantener,
INTC-76,Introducción,01_introduccion.tex:120,La captura híbrida elevó la señal de SARS-CoV-2 entre 3 000 y 97 000 veces,Child_2023,OK,Child_2023 p.5,"""when SARS-CoV-2 reads were identified in shotgun libraries, this fold increase was between 3,000 and 97,000×"" (p.5)",,Incremento en el porcentaje de lecturas alineadas.,mantener,
INTC-77,Introducción,01_introduccion.tex:120,La captura híbrida superó el 50 % de cobertura en ocho muestras,Child_2023,OK,Child_2023 p.6,"""Genome coverage over 50% was observed for eight samples through hybrid capture, including one sample with 94% coverage"" (p.6)",,,mantener,
INTC-78,Introducción,01_introduccion.tex:124,La concentración del virus en aguas residuales se cuantifica en copias de gen por mililitro,Parkins_2023,OK,Parkins_2023 p.7,"""the most useful form of WBS data is quantitative (e.g., number of gene copies/mL)"" (p.7)",,,mantener,
INTC-79,Introducción,01_introduccion.tex:124,En alcantarillados combinados la lluvia o el deshielo multiplican el caudal entre tres y diez veces y diluyen la concentración,Parkins_2023,OK,Parkins_2023 p.11,"""in combined sewer systems, stormwater from precipitation/snowmelt enters the wastewater collection system and can increase the flow of wastewater substantially, sometimes as high as 3–10-fold at the wastewater treatment plant"" (p.11)",,Parkins dice 'a veces hasta' 3-10 veces; la tesis lo presenta como regla.,mantener,
INTC-80,Introducción,01_introduccion.tex:124,Un muestreo compuesto de 24 horas promedia el pico diurno de descarga,Parkins_2023,OK,Parkins_2023 p.9,"""a distinct diurnal pattern is often observed caused by the population’s usage patterns ... One method to address this temporal variability is to collect a composite sample over a given period, typically 24 hours, which smooths out the temporal variability"" (p.9)",,Oración sin cita propia; se sostiene en Parkins.,mantener,
INTC-81,Introducción,01_introduccion.tex:124,En una planta que agrega varias cuencas la señal se estabiliza,Parkins_2023,PARCIAL,Parkins_2023 p.9,"""Even at its most aggregated location (the wastewater treatment plant), a distinct diurnal pattern is often observed"" ; ""The farther upstream in the sewershed, the greater the temporal variability"" (p.9)",,Sin cita propia; Parkins indica menor variabilidad en la planta pero advierte que el patrón diurno persiste.,corregir,lote3a
INTC-82,Introducción,01_introduccion.tex:124,"En Austria, el estudio de 123 plantas anticipó los ingresos hospitalarios en 8,6 a 11,6 días y los de UCI en 14,8 a 17,7 días",Parkins_2023,OK,Parkins_2023 p.6,"""Schenk et al. (74) monitored SARS-CoV-2 RNA across 123 wastewater treatment plants throughout Austria and established that wastewater measurements provided a lead time relative to general hospital admissions (8.6–11.6 days) and ICU (14.8–17.7 days)"" (p.6)",,Dato secundario (Schenk et al.) citado vía Parkins.,mantener,
INTC-83,Introducción,01_introduccion.tex:124,"Los valores no son comparables entre plantas porque cada cuenca mezcla aportes domésticos, industriales y de dilución distintos",Parkins_2023,OK,Parkins_2023 p.7,"""Every downstream point thereafter typically introduces other sources of wastewater (e.g., laundry and kitchen gray water, commercial, or industrial inputs) and dilution water ... Because the wastewater of each municipality has a unique blend of these sources, it is not at this time advisable to directly compare WBS data between municipalities"" (p.7)",,,mantener,
INTC-84,Introducción,01_introduccion.tex:124,"Su lectura exige los metadatos de cada muestra: fecha, hora, volumen, caudal y clima",Parkins_2023,OK,Parkins_2023 p.10; Parkins_2023 p.11,"""Typical metadata include sample location, collection date and time, total volume collected, type of sample ..., flow data (if available), weather (especially recent rain events)"" (p.10-11)",,,mantener,
INTC-85,Introducción,01_introduccion.tex:124,Su lectura exige la versión de las bases de datos y herramientas del análisis,Parkins_2023,PARCIAL,Parkins_2023 p.25,"""Whether or not these pipelines can identify new variants accurately relies on the underlying databases being continually updated."" (p.25)",,"Parkins menciona la actualización continua de bases de datos, no el registro de versiones de bases y herramientas como metadato.",corregir,lote3a
INTC-86,Introducción,01_introduccion.tex:126,Las limitaciones genómicas incluyen la baja concentración viral,Child_2023,OK,Child_2023 p.8,"""This suggests that IAV was both present at a very low concentration and highly fragmented in these samples, which likely explains the failure to generate amplicons"" (p.8)",,,mantener,
INTC-87,Introducción,01_introduccion.tex:126,El ARN fragmentado,Child_2023,OK,Child_2023 p.11,"""nucleic acid degradation in wastewater samples, which can restrict the contiguous binding of primer pairs to DNA/cDNA fragments"" (p.11)",,,mantener,
INTC-88,Introducción,01_introduccion.tex:126,El predominio de material bacteriano,Child_2023,OK,Child_2023 p.10,"""This was largely due to the dominance of bacterial material in the extracted nucleic acids from wastewater samples"" (p.10)",,,mantener,
INTC-89,Introducción,01_introduccion.tex:126,Los sesgos de amplificación,Child_2023,PARCIAL,Child_2023 p.8; Child_2023 p.11,"""suggesting that it was not solely caused by differences in PCR efficiency between the amplicons"" (p.8); ""may require more optimization due to the increased chance of primer interactions with higher primer pool complexity"" (p.11)","Parkins_2023 p.25 (""this is not without biases owing to the requirement for primer-based amplification"")",Child alude a diferencias de eficiencia entre amplicones e interacciones de cebadores; la formulación explícita de sesgo de amplificación está en Parkins.,reemplazar,lote2
INTC-90,Introducción,01_introduccion.tex:126,Los métodos dirigidos que compensan la baja abundancia viral exigen conocer de antemano el genoma buscado,Child_2023,OK,Child_2023 p.1,"""these methods are limited to the surveillance of target viruses in a single assay and require prior knowledge of the target genome(s)"" (p.1)",,,mantener,
INTC-91,Introducción,01_introduccion.tex:126,Una planta de tratamiento representa a una población conectada al alcantarillado,Parkins_2023;Sims_2020,OK,Parkins_2023 p.26; Sims_2020 p.5,"""wastewater has been monitored at centralized wastewater treatment plants, providing an integrated SARS-CoV-2 signal for the entire community served by that system"" (Parkins p.26); ""Usually, one WWTP serves a town or a city."" (Sims p.5)",,,mantener,
INTC-92,Introducción,01_introduccion.tex:126,Con variaciones por movilidad,Parkins_2023;Sims_2020,OK,Sims_2020 p.6,"""the problem posed by dynamic populations (e.g. population fluctuations due to tourism and commuters)"" (Sims p.6); ""it would be impossible to distinguish whether the presence of a pathogen in wastewater had stemmed from a visitor(s) passing though or from within the community itself"" (Sims p.6)",,,mantener,
INTC-93,Introducción,01_introduccion.tex:126,Con variaciones por cobertura de red,Parkins_2023;Sims_2020,OK,Parkins_2023 p.39,"""A significant proportion, and in some cases, the majority of homes in many of the larger urban centers of several LMIC, may not be connected to centralized sewer systems"" (p.39)",,,mantener,
INTC-94,Introducción,01_introduccion.tex:126,Con variaciones por aportes no domésticos,Parkins_2023;Sims_2020,OK,Parkins_2023 p.11,"""many wastewater treatment plants receive a highly variable amount of non-feces-containing wastewater from non-resident sources (i.e., commercial and industrial discharges)"" (p.11)",,,mantener,
INTC-95,Introducción,01_introduccion.tex:126,Los datos ambientales evidencian circulación y tendencias comunitarias,Parkins_2023;Sims_2020,OK,Parkins_2023 p.26; Sims_2020 p.6,"""providing an integrated SARS-CoV-2 signal for the entire community served by that system"" (Parkins p.26); ""the presence of a pathogen in wastewater, whether from a resident in the catchment area or not, still provides critical information"" (Sims p.6)",,,mantener,
INTC-96,Introducción,01_introduccion.tex:126,La atribución a barrios o grupos específicos requiere diseños y metadatos adicionales,Parkins_2023;Sims_2020,OK,Parkins_2023 p.7,"""On a more “zoomed-in” scale, select areas (i.e., neighborhoods) can be monitored by sampling at maintenance holes or other access points"" ; ""sampling in neighborhoods and individual buildings brings unique challenges"" (Parkins p.7)",,Parkins plantea el muestreo anidado (nested scales) para barrios; 'metadatos adicionales' es extensión menor.,mantener,
INTD-01,Introducción/Resultados/Conclusiones,01_introduccion.tex:132,Entre 2020 y 2024 Ecuador depositó 12 619 genomas de SARS-CoV-2,Bruno_2025,OK,Bruno_2025 p.4; Bruno_2025 p.6,"For Ecuador, a total number of 12,619 was obtained for the period of January 1st 2020 to December 31st 2024",,Genomas recuperados de GISAID (p.3: 'obtained from the GISAID platform').,mantener,
INTD-02,Introducción/Resultados/Conclusiones,01_introduccion.tex:132,"equivalentes al 1,15 % de sus casos",Bruno_2025,OK,Bruno_2025 p.4,"the percentage of SARS-CoV-2 cases that was sequenced in every country was 0.49% for Colombia, 1.15% for Ecuador",,,mantener,
INTD-03,Introducción/Resultados/Conclusiones,01_introduccion.tex:132,aporte anual cayó de 5 102 en 2022 a 744 en 2024,Bruno_2025,OK,Bruno_2025 p.4; Bruno_2025 p.6,"distributed as 814 for 2020, 4,018 for 2021, 5,102 for 2022, 1,796 for 2023, and 744 for 2024",,2022 es el máximo anual; la caída a 2024 es correcta.,mantener,
INTD-04,Introducción/Resultados/Conclusiones,01_introduccion.tex:132,"Hasta entonces la única detección de SARS-CoV-2 en aguas residuales ecuatorianas fue por RT-qPCR de presencia/ausencia, sin analizar linajes",MejiaCalle_2024,OK,MejiaCalle_2024 p.59,"in Ecuador, only one molecular detection study for SARS-CoV-2 in wastewater has been conducted which utilized RT-qPCR to detect the presence or absence of the virus. Delgado- Salgado et al., 2023, however, this method does not allow for analyzing viral dynamics or lineage circulation",,,mantener,
INTD-05,Introducción/Resultados/Conclusiones,01_introduccion.tex:132,Muestreo de MejiaCalle en la PTAR Quitumbe,MejiaCalle_2024,OK,MejiaCalle_2024 p.8,"en colectores de aguas residuales de la PTAR Quitumbe, durante 24 horas semanales",,,mantener,
INTD-06,Introducción/Resultados/Conclusiones,01_introduccion.tex:132,JN.1 apareció en el influente meses antes que en las muestras clínicas,MejiaCalle_2024,OK,MejiaCalle_2024 p.51,"As observed globally, the JN.1 lineage was first detected in wastewater, preceding its appearance in clinical samples by several months. The same phenomenon occurred in our study in Ecuador.",,,mantener,
INTD-07,Introducción/Resultados/Conclusiones,01_introduccion.tex:132,El descendiente KP.2.3 se halló en aguas residuales sin haberse registrado en pacientes ecuatorianos,MejiaCalle_2024,OK,MejiaCalle_2024 p.51; MejiaCalle_2024 p.58,"Clade 24C, corresponding to the KP.2.3 lineage, has not been detected in Ecuadorian clinical samples but was found in wastewater on September 2 and 9, 2024, at very low relative abundance. | detection of KP.2.3 (a sublineage of JN.1) in wastewater",,El texto omite 'very low relative abundance'; sublinaje de JN.1 confirmado en p.58.,mantener,
INTD-08,Introducción/Resultados/Conclusiones,01_introduccion.tex:134,Para RSV y poliovirus no se dispone de datos ambientales ecuatorianos,(sin cita),NO,,,,Afirmación negativa sin cita; ningún PDF de Recursos/ menciona datos ambientales de RSV o poliovirus en Ecuador (búsqueda Ecuador+RSV/poliovirus sin resultados). | Mantenido por decisión de la autora / planteamiento propio.,mantener,
INTD-09,Introducción/Resultados/Conclusiones,01_introduccion.tex:134,Vigilancia de poliovirus dentro de la iniciativa mundial de erradicación,Asghar_2014,OK,Asghar_2014 p.2,"This article reviews the current uses of ES in the GPEI, providing examples from the polio-endemic countries of Pakistan and Nigeria",,,mantener,
INTD-10,Introducción/Resultados/Conclusiones,01_introduccion.tex:134,Detección de cVDPV2 en aguas residuales de cinco países europeos en 2024,Bottcher_2025,OK,Bottcher_2025 p.1,"Since September 2024, circulating VDPV type 2 (cVDPV2) has been detected in wastewater samples within routine and research environmental surveillance (ES) activities in five European countries: Finland, Germany, Poland, Spain and the United Kingdom (UK).",,,mantener,
INTD-11,Introducción/Resultados/Conclusiones,01_introduccion.tex:134,Asociación entre el RSV en aguas residuales y la positividad clínica en Estados Unidos,Hughes_2022,OK,Hughes_2022 p.1,"its concentration in settled solids is strongly associated (Kendalls tau = 0.65−0.77, p < 10−7) with clinical positivity rates for RSV at sentinel laboratories across the state in 2021",,"Alcance: dos plantas de California (sólidos sedimentados), no todo EE. UU.",mantener,
INTD-12,Introducción/Resultados/Conclusiones,01_introduccion.tex:134,"La PTAR Quitumbe, ya validada para SARS-CoV-2, permite incorporar RSV y poliovirus al mismo muestreo pasivo y secuenciación Nanopore",(sin cita),PARCIAL,MejiaCalle_2024 p.45,Four sequencing runs were performed using Oxford Nanopore technology,,Sin cita; MejiaCalle sostiene muestreo pasivo + Nanopore para SARS-CoV-2; la aplicabilidad a RSV/poliovirus es inferencia propia. | Mantenido por decisión de la autora / planteamiento propio.,mantener,
INTD-13,Introducción/Resultados/Conclusiones,01_introduccion.tex:138,La vigilancia en aguas residuales es flexible y económica para monitorear brotes y reemergencia de patógenos,Bubba_2023,OK,Bubba_2023 p.1,"WWS for NPEV and other pathogens represents an inexpensive, flexible, anonymised, reliable, population-based tool for monitoring outbreaks and the (re)emergence of these",,,mantener,
INTD-14,Introducción/Resultados/Conclusiones,01_introduccion.tex:138,Mayor sostenibilidad cuando integra múltiples blancos virales,Bubba_2023,OK,Bubba_2023 p.8,Combining efforts to use modern molecular-based wastewater surveillance for multiple pathogens to complement clinical surveillance will make the systems more cost-efficient and sustainable.,,,mantener,
INTD-15,Introducción/Resultados/Conclusiones,01_introduccion.tex:138,"Análisis de costo-utilidad canadiense: la vigilancia ambiental de RSV para orientar la inmunoprofilaxis infantil dominó a la clínica (menor costo, mayor utilidad) en todos los escenarios",Mercier_2025,OK,Mercier_2025 p.2,RSV-WEM dominated (lower costs and higher utilities) RSV-CS and remained unaltered in all scenario analyses.,,,mantener,
INTD-16,Introducción/Resultados/Conclusiones,01_introduccion.tex:138,"a un costo de CAD$12,31 por lactante",Mercier_2025,OK,Mercier_2025 p.2; Mercier_2025 p.4,a cost of CAD$12.31 per infant (infrastructure: CAD$4.07 plus sampling: CAD$8.24) was assumed if a new RSV-WEM system was initiated,,"Es un costo supuesto (insumo del modelo), no un resultado.",mantener,
INTD-17,Introducción/Resultados/Conclusiones,01_introduccion.tex:138,La vigilancia genómica en aguas residuales funcionó como modelo para monitorear la evolución de virus endémicos,Yousif_2023,OK,Yousif_2023 p.1,SARS-CoV-2 genomic surveillance in wastewater as a model for monitoring evolution of endemic viruses | Our study demonstrates the utility of wastewater genomics to monitor evolution and spread of endemic viruses.,,,mantener,
INTD-18,Introducción/Resultados/Conclusiones,01_introduccion.tex:138,Recupera la prevalencia de variantes circulantes incluso sin muestras clínicas,Yousif_2023,OK,Yousif_2023 p.1,"reliably recovering the prevalence of local circulating variants, even when clinical samples are not available",,,mantener,
INTD-19,Introducción/Resultados/Conclusiones,01_introduccion.tex:138,La temporada de varios virus respiratorios puede seguirse conjuntamente en un mismo flujo de muestreo,Chan_2025,OK,Chan_2025 p.1,"We used wastewater RNA concentrations of influenza A and B (IAV/IBV), respiratory syncytial virus (RSV), human metapneumovirus (HMPV), and SARS-CoV-2 from 175 treatment plants (July 2023−June 2024). For IAV, IBV, RSV, and HMPV, we determined epidemic onset, offset, peak, and duration",,"Medición por concentraciones (RT-PCR), no secuenciación.",mantener,
INTD-20,Introducción/Resultados/Conclusiones,01_introduccion.tex:138,"Aplicar el enfoque a SARS-CoV-2, enterovirus y RSV en una misma matriz aprovecha un único procedimiento y maximiza la información de un sitio centinela",(sin cita),PARCIAL,Bubba_2023 p.8,Combining efforts to use modern molecular-based wastewater surveillance for multiple pathogens to complement clinical surveillance will make the systems more cost-efficient and sustainable.,Bubba_2023 p.8,Oración sin cita; Bubba sostiene la eficiencia multipatógeno; 'maximiza la información' es valoración propia.,corregir,lote3b
INTD-21,Introducción/Resultados/Conclusiones,01_introduccion.tex:140,"Maloney et al. desarrollaron dos esquemas de amplicones ARTIC, uno para RSV-A y otro para RSV-B",Maloney_2025,OK,Maloney_2025 p.2,"we introduce two novel amplicon-based sequencing schemes designed for RSV A and B, optimised for integration with widespread existing ARTIC sequencing workflows",,,mantener,
INTD-22,Introducción/Resultados/Conclusiones,01_introduccion.tex:140,Se multiplexan y recuperan el genoma completo sin subtipado previo,Maloney_2025,OK,Maloney_2025 p.2,"The ability to effectively multiplex these RSV A and B primer schemes, enables streamlined, high-throughput sequencing without prior subtyping.",,,mantener,
INTD-23,Introducción/Resultados/Conclusiones,01_introduccion.tex:140,Ocho laboratorios de cinco países los validaron,Maloney_2025,OK,Maloney_2025 p.2; Maloney_2025 p.4,with eight laboratories in five countries generating complete genomes on both Nanopore and Illumina sequencing platforms | we established a network of 8 labs from 5 different countries (Table 1),,"Son 8 laboratorios externos (Bangladesh, Reino Unido, Irlanda, EE. UU., Ecuador) además del grupo de Edimburgo que diseñó los esquemas.",mantener,
INTD-24,Introducción/Resultados/Conclusiones,01_introduccion.tex:140,Entre ellos el Instituto de Microbiología de la USFQ,Maloney_2025,OK,Maloney_2025 p.1; Maloney_2025 p.5,"11Institute of Microbiology, Universidad San Francisco de Quito, Quito, Pichincha, Ecuador | Universidad San Francisco de Quito (USFQ) Ecuador Nanopore",,Rol USFQ: uno de los 8 laboratorios externos; secuenció muestras clínicas de pacientes (USFQ-CEISH 2020-022M) solo en Nanopore GridION y subió 2 consensos a GISAID (EPI_ISL_18386604/05) (p.13).,mantener,
INTD-25,Introducción/Resultados/Conclusiones,01_introduccion.tex:140,Los validaron en Nanopore e Illumina,Maloney_2025,OK,Maloney_2025 p.5,"Of the eight external sites four used Illumina platforms (CHRF, GSTT, USAF and UW) and four used Nanopore (MDH, NVRL, UoN and USFQ).",,Válido en conjunto; cada laboratorio usó una plataforma (MDH usó ambas). La leyenda de la Fig. 2 (p.6) contradice parcialmente el texto sobre quién usó Nanopore.,mantener,
INTD-26,Introducción/Resultados/Conclusiones,01_introduccion.tex:140,Por ello pueden incorporarse al flujo de muestreo pasivo y secuenciación Nanopore aplicado a SARS-CoV-2 en la PTAR Quitumbe,Maloney_2025; MejiaCalle_2024,PARCIAL,Maloney_2025 p.13; MejiaCalle_2024 p.45,RSV A and B positive samples using the Respiratory qPCR panels for GeneExpert were included in the study USFQ-CEISH 2020-022M after informed consent was signed by patients.,Le_2025 p.1,"Maloney validó los esquemas solo en muestras clínicas, no en aguas residuales; la transferencia a la PTAR es inferencia. Le_2025 sí aplica amplicones RSV+Nanopore a aguas residuales ('suitable for patient samples as well as wastewater').",corregir,lote3b
INTD-27,Introducción/Resultados/Conclusiones,01_introduccion.tex:140,Lectura poblacional que complementa la vigilancia clínica,Yousif_2023,OK,Yousif_2023 p.2,we demonstrate the utility of wastewater genomic surveillance to complement clinical surveillance efforts in a middle-income setting,,,mantener,
INTD-28,Introducción/Resultados/Conclusiones,01_introduccion.tex:140,En un contexto de información genómica local limitada,Bruno_2025,PARCIAL,Bruno_2025 p.5,"So far, there are strong disparities in SARS-CoV-2 sequencing capacities in the countries of the Andean Community",,"Bruno documenta disparidades y 1,15 % secuenciado (clínico, nacional, solo SARS-CoV-2); no habla de Quito ni de aguas residuales o multipatógeno.",corregir,lote3b
INTD-29,Introducción/Resultados/Conclusiones,01_introduccion.tex:142,Instituciones de salud pública y saneamiento pueden usar los insumos para evaluar sitios centinela,Parkins_2023,OK,Parkins_2023 p.39,strategically implemented WBS sites in sentinel sewersheds would still have profound impacts in these resource-limited settings,,,mantener,
INTD-30,Introducción/Resultados/Conclusiones,01_introduccion.tex:142,…priorizar patógenos y planificar la vigilancia ambiental en Quito,Parkins_2023; MejiaCalle_2024,PARCIAL,MejiaCalle_2024 p.30,To contribute to epidemiological surveillance in Ecuador by integrating the results into international open databases like GISAID,,No se halló en Parkins una recomendación de priorizar patógenos; MejiaCalle solo plantea contribuir a la vigilancia en Ecuador.,corregir,lote3b
INTD-31,Introducción/Resultados/Conclusiones,01_introduccion.tex:142,Grupos vulnerables ante RSV,Hughes_2022,OK,Hughes_2022 p.1,"RSV infections are usually self-limiting in healthy individuals but can become severe, particularly for infants and immunocompromised or elderly individuals",,,mantener,
INTD-32,Introducción/Resultados/Conclusiones,01_introduccion.tex:142,Comunidades expuestas a circulación silenciosa de poliovirus,Bottcher_2025,OK,Bottcher_2025 p.4,"of wastewater samples, if done systematically, may detect silent circulation of polioviruses before symptomatic cases occur",,,mantener,
INTD-33,Introducción/Resultados/Conclusiones,01_introduccion.tex:142,Cambios de variantes de SARS-CoV-2 detectables en aguas residuales,Crits_Christoph_2021,OK,Crits_Christoph_2021 p.1,wastewater sequencing can provide evidence for recent introductions of viral lineages before they are detected by local clinical sequencing,,,mantener,
INTD-34,Introducción/Resultados/Conclusiones,01_introduccion.tex:146,Vacío local: disponibilidad limitada de información molecular y genómica multipatógeno en aguas residuales de Quito,(sin cita),PARCIAL,MejiaCalle_2024 p.59,"in Ecuador, only one molecular detection study for SARS-CoV-2 in wastewater has been conducted which utilized RT-qPCR",MejiaCalle_2024 p.59,"Sin cita en la oración; MejiaCalle respalda la escasez para SARS-CoV-2, no el componente multipatógeno. | Mantenido por decisión de la autora / planteamiento propio.",mantener,
INTD-35,Introducción/Resultados/Conclusiones,01_introduccion.tex:146,PTAR Quitumbe caracterizada mediante muestreo pasivo y secuenciación de SARS-CoV-2,MejiaCalle_2024,OK,MejiaCalle_2024 p.29; MejiaCalle_2024 p.45,viral lineages in wastewater samples from the Quitumbe treatment plant | Four sequencing runs were performed using Oxford Nanopore technology,,,mantener,
INTD-36,Introducción/Resultados/Conclusiones,01_introduccion.tex:146,Enterovirus relevantes en vigilancia ambiental,Asghar_2014,OK,Asghar_2014 p.3,"Numerous other non–polio-endemic countries have performed ES for enteroviruses, including WPV and VDPVs",,,mantener,
INTD-37,Introducción/Resultados/Conclusiones,01_introduccion.tex:146,RSV relevante en vigilancia respiratoria y con circulación comunitaria,Hughes_2022; Le_2025,OK,Le_2025 p.1; Hughes_2022 p.1,"Due to its high transmissibility, RSV spreads rapidly in communal settings such as daycare centers and hospitals, leading to significant seasonal outbreaks in pediatric care.",,,mantener,
INTD-38,Introducción/Resultados/Conclusiones,01_introduccion.tex:146,"Dentro del género Enterovirus, el poliovirus concentra el mayor interés sanitario",Asghar_2014,PARCIAL,Asghar_2014 p.2,"Since the launch of the Global Polio Eradication Initiative (GPEI) in 1988, remarkable progress has been made",,"Asghar sostiene la prioridad de la erradicación de polio, pero no compara el interés sanitario frente a otros enterovirus.",corregir,lote3b
INTD-39,Introducción/Resultados/Conclusiones,01_introduccion.tex:146,El poliovirus orienta la elección de la región VP1 como blanco de amplificación,Asghar_2014,NO,Asghar_2014 p.7,Phylogenetic analysis of complete VP1 sequences of viruses isolated from sewage samples in Mumbai,Martin_2016 p.28; Klapsa_2022 (PIIS0140673622018049.pdf) p.2,Asghar solo menciona VP1 de pasada; Martin p.28: 'All the isolates with wild poliovirus and suspected VDPVs are sequenced for Viral Protein 1 region (VP1)'.,reemplazar,lote2
INTD-40,Introducción/Resultados/Conclusiones,01_introduccion.tex:146,Detección y caracterización genómica se interpretan según posibilidades y limitaciones en matrices ambientales,Child_2023; Parkins_2023,OK,Child_2023 p.2; Parkins_2023 p.35,"Whole genome sequencing (WGS) via PCR can provide high sensitivity for viral detection in degraded samples, such as those from wastewater | limitations of WBS, including the sensitivity of identifying a target depending on the sewershed and the population monitored",,,mantener,
RES-01,Introducción/Resultados/Conclusiones,04_analisis_datos.tex:31,Cq tardíos propios de aguas residuales con baja carga viral y ARN fragmentado,Parkins_2023; Child_2023,OK,Child_2023 p.2; Child_2023 p.8; Parkins_2023 p.9,"Due to the low concentration of SARS-CoV-2 in wastewater samples, genomic surveillance has oriented toward PCR amplicon sequencing | viral detection in degraded samples, such as those from wastewater",,"Child sostiene baja concentración y degradación; Parkins solo degradación de ácidos nucleicos por temperatura (p.9). Las cifras de N1/N2 y Kruskal-Wallis son datos propios, no auditados.",mantener,
RES-02,Introducción/Resultados/Conclusiones,04_analisis_datos.tex:123,"Identidad >75 % con la secuencia prototipo (o, en especie C, con el aislado del GenBank de mayor identidad) para asignar tipo por VP1",Martin_2016,OK,Martin_2016 p.38; Martin_2016 p.41,"The enterovirus prototype sequence, which poses the highest nucleotide identity with the query sequence, determines the type of the enterovirus. This identity should be more than 75 % at the nucleotide level | some currently circulating enterovirus strains of species C may have less than 75 % nucleotide identities with the prototype strains [8]. In these cases, the typing can be based on the most closely matching enterovirus isolate sequences in the GenBank.",,El umbral de 75 % para el aislado del GenBank es implícito (Nota 19: <75 % nt sugiere tipo nuevo).,mantener,
RES-03,Introducción/Resultados/Conclusiones,04_analisis_datos.tex:123,"La región 5'NTR–VP4–VP2 no define el tipo, que se establece por la secuencia de VP1",Martin_2016,PARCIAL,Martin_2016 p.32,capsid protein VP1 sequence identities determine the type of the virus,,Martin sostiene que VP1 define el tipo; no se halló en Martin ni en Recursos/ una afirmación explícita sobre la región 5'NTR–VP4–VP2.,corregir,lote3b
RES-04,Introducción/Resultados/Conclusiones,04_analisis_datos.tex:136,Amplicones del esquema ARTIC RSV de cerca de 400 pb,Maloney_2025,OK,Maloney_2025 p.10; Maloney_2025 p.4,This resulted in two primer sets of 50 amplicons with a target amplicon size of 400bp.,,,mantener,
CON-01,Introducción/Resultados/Conclusiones,06_conclusiones.tex:13,"Control negativo de agua libre de nucleasas que atraviesa todo el procesamiento, como el de Child",Child_2023,OK,Child_2023 p.13,A negative control of nuclease-free water was included in this stage and subjected to all downstream processes.,,,mantener,
CON-02,Introducción/Resultados/Conclusiones,06_conclusiones.tex:13,…y se secuencia con su propio código de barras para distinguir lecturas del virus de la contaminación entre bibliotecas,Child_2023,PARCIAL,Child_2023 p.3,the negative control contained no viral reads,,"Child secuenció el control negativo (Illumina), pero no menciona código de barras propio ni contaminación entre bibliotecas.",corregir,lote3b
CON-03,Introducción/Resultados/Conclusiones,06_conclusiones.tex:13,Curva estándar en la RT-qPCR para expresar la señal en copias por litro,Ahmed_2020,OK,Ahmed_2020 p.3; Ahmed_2020 p.5,"gBlocks gene fragments were purchased from Integrated DNA Technologies (Coralville, IA, USA) and used as standards or positive controls | SARS-CoV-2 RNA copies/L",,,mantener,
CON-04,Introducción/Resultados/Conclusiones,06_conclusiones.tex:13,Control de recuperación,Hughes_2022; Ahmed_2020,OK,Hughes_2022 p.3; Ahmed_2020 p.7,additional recovery control; all samples were required to have greater than 10% BCoV recovery,,,mantener,
CON-05,Introducción/Resultados/Conclusiones,06_conclusiones.tex:13,Normalización con PMMoV para comparar entre semanas,Hughes_2022,OK,Hughes_2022 p.4,"Normalizing by PMMoV can serve to correct for sample-to-sample changes in RNA extraction efficiency, concentrations during storage, or differences in the fecal strength of the wastewater",,"Hughes expresa en copias/g de peso seco de sólidos, no por litro.",mantener,
CON-06,Introducción/Resultados/Conclusiones,06_conclusiones.tex:13,Procesar sólidos sedimentados para RSV,Hughes_2022; RoldanHernandez_2023,OK,Hughes_2022 p.1; RoldanHernandez_2023 p.1,respiratory syncytial virus (RSV) genomic ribonucleic acid can be detected in wastewater settled solids | RNA concentrations were higher in the solid fraction than the liquid fraction by approximately 3−4 orders of magnitude,,,mantener,
CON-07,Introducción/Resultados/Conclusiones,06_conclusiones.tex:13,RT-qPCR previa que seleccione las muestras por carga viral antes de secuenciar el RSV,Hughes_2022; RoldanHernandez_2023,NO,,,Le_2025 p.1; Maloney_2025 p.12,"Ni Hughes ni Roldan tratan selección para secuenciación (ambos cuantifican por ddPCR). Le_2025: 'Whole genomes (> 90% coverage) were obtained from 98% of samples with > 10,000 copies/mL ... and from none with < 1,000 copies/mL'; Maloney: '23 RSV-positive samples were randomly selected based on a Ct value of <25'.",reemplazar,lote2
CON-08,Introducción/Resultados/Conclusiones,06_conclusiones.tex:13,Ampliar el número de muestras y réplicas de enterovirus y RSV,Le_2025; Bruno_2025; Klapsa_2022,NO,,,,Recomendación propia; no se halló en las fuentes citadas.,corregir,lote3b
CON-09,Introducción/Resultados/Conclusiones,06_conclusiones.tex:13,Cruzar los datos con secuencias clínicas y de repositorios,Le_2025; Bruno_2025,OK,Le_2025 p.1; Bruno_2025 p.3,"Phylogenetic analysis showed seasonal clade and subtype shifting, with a good representation of clade frequencies from patients in wastewater sequences. | obtained from the GISAID platform",,,mantener,
CON-10,Introducción/Resultados/Conclusiones,06_conclusiones.tex:13,Mantener la vigilancia de enterovirus por la región VP1,Klapsa_2022,PARCIAL,Klapsa_2022 p.2 (PIIS0140673622018049.pdf),The gene coding for capsid VP1 protein is commonly used for this analysis,Martin_2016 p.32,"El PDF mapeado a Klapsa_2022 (1-s2.0-S0140673622018852-main.pdf) es un comentario de The Lancet (doi 01885-2), no el artículo; el original está en Recursos/fuentes/polio/PIIS0140673622018049.pdf. VP1 se usa para poliovirus (vínculo con la vacuna), no como recomendación de vigilancia de enterovirus en general.",corregir,lote3b
MET-01,Metodología,03_metodologia_diseno.tex:5,"Diseño observacional, descriptivo y longitudinal con muestreo semanal del influente para detectar SARS-CoV-2, poliovirus y RSV",Parkins_2023,PARCIAL,Parkins_2023 p.2; Parkins_2023 p.11,"""Intrinsic to WBS is its unique ability to monitor an entire population (irrespective of symptoms or the ability to access clinical testing) objectively, passively, and comprehensively""; ""pathogen targets measured longitudinally in wastewater across a relatively stable, large population center generally reflect accurate trends over time""",,"Parkins respalda la vigilancia poblacional longitudinal; la etiqueta de diseño (observacional, descriptivo) y el muestreo semanal de los tres virus son decisión del autor, no de la fuente.",mantener,
MET-02,Metodología,03_metodologia_diseno.tex:5,"Las aguas residuales integran material genético de individuos sintomáticos, presintomáticos y asintomáticos",Parkins_2023;Bubba_2023,PARCIAL,Parkins_2023 p.2; Bubba_2023 p.2,"""monitor an entire population (irrespective of symptoms or the ability to access clinical testing)""; ""particularly if the pathogens in question circulate largely asymptomatically and are therefore unlikely to be noted in case-based testing""","Barbe_2022 p.8 (""global picture of viral diversity in a community, including asymptomatic infections"")",Sintomáticos y asintomáticos se sostienen; 'presintomáticos' no aparece referido a la excreción en aguas residuales (Parkins p.5 solo habla de transmisión presintomática).,corregir,lote3b
MET-03,Metodología,03_metodologia_diseno.tex:5,"Habilita detectar presencia, tendencias temporales y diversidad genética a escala comunitaria",Parkins_2023;Bubba_2023,OK,Bubba_2023 p.7; Parkins_2023 p.25; Parkins_2023 p.11,"""the initial objective was the early detection of the presence of the coronavirus ... this objective evolved into the monitoring of trends of virus circulation in the general population and the identification of SARS-CoV-2 variants""; ""requires no a priori knowledge of the genomic diversity of the viruses in the sample""",,"Presencia, tendencias y variantes/diversidad respaldadas literalmente.",mantener,
MET-04,Metodología,03_metodologia_diseno.tex:7,Antecedente local en la PTAR Quitumbe demostró la factibilidad de recolectar material viral con un dispositivo impreso en 3D,MejiaCalle_2024,OK,MejiaCalle_2024 p.1; MejiaCalle_2024 p.30,"""Analysis of SARS-CoV-2 variants in wastewater from the Metropolitan District of Quito using a passive sampling 3D printed device""; ""used a passive 3D-printed device for sample collection""",,Coincide.,mantener,
MET-05,Metodología,03_metodologia_diseno.tex:7,El antecedente asignó linajes virales por secuenciación Oxford Nanopore,MejiaCalle_2024,OK,MejiaCalle_2024 p.10,"""multiplex PCR was used for sequencing with Oxford Nanopore Technology. Bioinformatic analysis was conducted using Freyja. Results: A predominance of the Omicron variant was observed, with lineages such as HN.1, EG.5.1.6, XBB.1.5.1.5, and HV.1 detected.""",,Coincide.,mantener,
MET-06,Metodología,03_metodologia_diseno.tex:18,Punto de muestreo en el influente antes de cualquier tratamiento,MejiaCalle_2024,OK,MejiaCalle_2024 p.32,"""The samplers were immersed for 24 hours once a week in the incoming wastewater at the Quitumbe WWTP, where the flow rate is 75 L/s. Before any treatment was applied, a single weekly sample was taken""",,'Pozo de entrada' y 'producto químico' son precisiones del autor; 'incoming wastewater' y 'before any treatment' se sostienen.,mantener,
MET-07,Metodología,03_metodologia_diseno.tex:18,El sitio recibe aguas residuales de once barrios del DMQ,MejiaCalle_2024,OK,MejiaCalle_2024 p.31-32,"""this plant serves 11 neighborhoods in the Metropolitan District of Quito""",,Coincide.,mantener,
MET-08,Metodología,03_metodologia_diseno.tex:18,Caudal reportado de 75 L/s,MejiaCalle_2024,OK,MejiaCalle_2024 p.32,"""in the incoming wastewater at the Quitumbe WWTP, where the flow rate is 75 L/s""",,Coincide.,mantener,
MET-09,Metodología,03_metodologia_diseno.tex:22,"Dispositivo pasivo tipo torpedo con gasas, membrana de nailon e hisopo como adsorbentes",MejiaCalle_2024,OK,MejiaCalle_2024 p.10; MejiaCalle_2024 p.30,"""A torpedo-type passive sampling device containing a nylon membrane, gauze, and a swab""; ""equipped with a nylon membrane (0.45 µm pore size), gauze, cotton swabs, and a metal rod""",,Oración sin cita propia; la cita de la oración siguiente la cubre. Coincide.,mantener,
MET-10,Metodología,03_metodologia_diseno.tex:22,El dispositivo se fijó en el pozo de entrada y permaneció sumergido 24 h,MejiaCalle_2024,OK,MejiaCalle_2024 p.32,"""The samplers were immersed for 24 hours once a week in the incoming wastewater at the Quitumbe WWTP""",,Coincide.,mantener,
MET-11,Metodología,03_metodologia_diseno.tex:22,Genera una muestra integrada en el tiempo,MejiaCalle_2024,OK,MejiaCalle_2024 p.10,"""consisting of using devices placed directly in the water flow for an extended period to collect a representative sample of the virus's behavior over time""",,Coincide.,mantener,
MET-12,Metodología,03_metodologia_diseno.tex:22,El muestreo pasivo recupera ARN viral aun cuando la concentración de las muestras puntuales es muy baja,Schang_2021,PARCIAL,Schang_2021 SIN_PDF,,"Parkins_2023 p.10 (""Since they also concentrate the target analyte, they can effectively achieve a lower detection limit and better sensitivity than a grab sample"")","Schang_2021 no está en el repositorio; Mejía solo lo cita para el dispositivo y el protocolo (p.30, p.33), no para esta afirmación. | Fuente descargada en acceso abierto y verificada.",corregir,lote3b
MET-13,Metodología,03_metodologia_diseno.tex:22,El muestreo pasivo ofrece un límite de detección inferior al de una muestra puntual,Parkins_2023,OK,Parkins_2023 p.10,"""Since they also concentrate the target analyte, they can effectively achieve a lower detection limit and better sensitivity than a grab sample (124)""",,Coincide; Parkins añade que hay resultados discrepantes frente a muestreadores compuestos (p.10).,mantener,
MET-14,Metodología,03_metodologia_diseno.tex:57,La precipitación con PEG es un método de concentración secundaria evaluado para virus entéricos y poliovirus en aguas residuales,Falman_2019,OK,Falman_2019 p.1,"""Effective surveillance of human enteric viruses is critical ... This study sought to evaluate simple, effective, and inexpensive secondary concentration methods (... polyethylene glycol [PEG]/sodium chloride [NaCl] precipitation ...). Of the five tested methods, PEG/NaCl precipitation and skimmed-milk flocculation resulted in the highest PV1 recoveries.""",,Coincide.,mantener,
MET-15,Metodología,03_metodologia_diseno.tex:57,"Solución 2X: 20 g de PEG y 3,48 g de NaCl en 200 mL de agua libre de nucleasas, esterilizada en autoclave",MejiaCalle_2024,OK,MejiaCalle_2024 p.33,"""20g of PEG and 3.48g of NaCl are added to a BOECO flask, filled with 200mL of nuclease-free water, and autoclaved""",,Coincide; Mejía atribuye la receta a Woods y Jones (2021).,mantener,
MET-16,Metodología,03_metodologia_diseno.tex:57,"Aproximadamente 4 g de muestra (gasa, membrana e hisopo) en bolsa estéril",MejiaCalle_2024,OK,MejiaCalle_2024 p.33,"""about 4g of the sample is placed in a sterile bag between the gauze, membrane, and swab""",,Coincide.,mantener,
MET-17,Metodología,03_metodologia_diseno.tex:57,Se añadieron 10 mL de dPBS 10X y 5 µL de Tween 20,MejiaCalle_2024,PARCIAL,MejiaCalle_2024 p.33,"""10mL of 10X dPBS and 0.05% Tween 20 are added""",,"10 mL de dPBS 10X coincide; la fuente da Tween 20 al 0,05 %, no 5 µL (equivalente solo por cálculo sobre 10 mL).",mantener,
MET-18,Metodología,03_metodologia_diseno.tex:57,Homogeneización en stomacher 2 min a 200 rpm,MejiaCalle_2024,OK,MejiaCalle_2024 p.33,"""the samples are mixed in a Stomacher for 2 minutes at 200rpm""",,Coincide.,mantener,
MET-19,Metodología,03_metodologia_diseno.tex:57,"Sobrenadante a tubos de 10 mL, centrifugado a 400 rpm durante 10 min",MejiaCalle_2024,OK,MejiaCalle_2024 p.33,"""The supernatant is transferred to a 10mL tube and centrifuged at 400rpm for 10 minutes""",,Coincide.,mantener,
MET-20,Metodología,03_metodologia_diseno.tex:57,"Se recuperaron ~9 mL de sobrenadante y se añadieron 1,8 mL de PEG 2X",MejiaCalle_2024,PARCIAL,MejiaCalle_2024 p.33,"""approximately 9mL of the supernatant is transferred, and 20% of the 2X PEG solution is added""",,"9 mL coincide; la fuente expresa el PEG como 20 %, no 1,8 mL (equivalente por cálculo sobre 9 mL).",mantener,
MET-21,Metodología,03_metodologia_diseno.tex:57,Incubación a 4 °C 24 h y segunda centrifugación a 400 rpm 15 min,MejiaCalle_2024,OK,MejiaCalle_2024 p.33,"""the tubes are incubated for 24 hours at 4°C, and finally, the samples are centrifuged again at 400rpm for 15 minutes""",,Coincide.,mantener,
MET-22,Metodología,03_metodologia_diseno.tex:57,Pellet resuspendido en 300 µL de DNA/RNA Shield 2X,MejiaCalle_2024,OK,MejiaCalle_2024 p.33,"""the supernatant is discarded, and the remaining pellet is resuspended in 300μL of Shield2X""",,Coincide.,mantener,
MET-23,Metodología,03_metodologia_diseno.tex:68,Extracción con el kit Quick-RNA Viral (Zymo Research) según el fabricante,Zymo_2023,FABRICANTE-OFICIAL,Zymo_2023 SIN_PDF,,MejiaCalle_2024 p.34,Protocolo de fabricante no presente en el repositorio.,mantener,
MET-24,Metodología,03_metodologia_diseno.tex:68,El antecedente de Quitumbe empleó el mismo kit con modificaciones,MejiaCalle_2024,OK,MejiaCalle_2024 p.34,"""finally the samples were extracted using the Zymobiomics Quick-RNA Viral Kit, with some modifications to the standard procedure""",,Coincide (Mejía lo denomina 'Zymobiomics Quick-RNA Viral Kit').,mantener,
MET-25,Metodología,03_metodologia_diseno.tex:68,"200 µL de muestra + 400 µL de Viral RNA Buffer, vórtex; columna Zymo-Spin IC 2 min a 13 000 rpm",MejiaCalle_2024,OK,MejiaCalle_2024 p.34,"""400μL of Viral Buffer RNA was added to 200μL of the sample and vortexed. The mixture was then transferred to the ZYMO Spin IC Column and centrifuged for 2 minutes at 13,000 rpm""",,"Oraciones sin cita propia, cubiertas por la cita a Mejía. Coincide.",mantener,
MET-26,Metodología,03_metodologia_diseno.tex:68,Dos lavados con 500 µL de Viral Wash Buffer en las mismas condiciones,MejiaCalle_2024,OK,MejiaCalle_2024 p.34,"""500μL of Viral Wash Buffer was added to the column and centrifuged for 2 minutes at 13,000 rpm. The liquid from the tube was discarded, and the column was preserved. This step was repeated.""",,Coincide.,mantener,
MET-27,Metodología,03_metodologia_diseno.tex:68,500 µL de etanol (95-100 %) y centrifugación 1 min,MejiaCalle_2024,OK,MejiaCalle_2024 p.34,"""500μL of ethanol (95-100%) was added to the column and centrifuged for 1 minute at 13,000 rpm""",,Coincide.,mantener,
MET-28,Metodología,03_metodologia_diseno.tex:68,"Columnas a tubos Eppendorf de 1,5 mL y elución con 20 µL de agua libre de DNasa/RNasa",MejiaCalle_2024,OK,MejiaCalle_2024 p.34,"""The columns were carefully removed and placed in sterile 1.5mL Eppendorf tubes. Finally, 20μL of DNase and RNase-free water was added to the column and centrifuged for 1 minute.""",,Coincide.,mantener,
MET-29,Metodología,03_metodologia_diseno.tex:79,"RT-qPCR con el ensayo multiplex Luna SARS-CoV-2 (NEB) según el fabricante, volumen final 20 µL, termociclador Bio-Rad",NEB_2020,FABRICANTE-OFICIAL,NEB_2020 SIN_PDF,,"MejiaCalle_2024 p.34 (""the Luna SARS-CoV-2 RT-qPCR Multiplex Assay Protocol (NEW ENGLAND Biolabs, Ipswich, MA) was used ... final volume of 20μL ... thermocycler (Bio-Rad Laboratories"")","Protocolo de fabricante ausente; el antecedente usó el mismo ensayo, volumen y equipo.",mantener,
MET-30,Metodología,03_metodologia_diseno.tex:79,"Blancos N1, N2 y RP marcados con HEX, FAM y Cy5 respectivamente",NEB_2020,FABRICANTE-OFICIAL,NEB_2020 SIN_PDF,,"Recursos/metodologia.docx (tablas 'Cy5 / FAM (N2) / HEX (N1)'); MejiaCalle_2024 p.39 (Tabla 2: 'Fluorophore FAM (Gene N1)', 'HEX (Gene N2)')","Sin fabricante en el repo; metodologia.docx coincide con el texto, pero la Tabla 2 de Mejía asigna FAM a N1 y HEX a N2 (contradicción a verificar en el inserto NEB). | Confirmado por la autora con el inserto del kit Luna: N1=HEX, N2=FAM. La Tabla 2 de Mejía (p.39) los invierte.",mantener,
MET-31,Metodología,03_metodologia_diseno.tex:79,N1 y N2 derivan del panel de diagnóstico del CDC para el gen de la nucleocápside,Lu_2020;Ahmed_2020;MejiaCalle_2024,PARCIAL,Ahmed_2020 p.7; MejiaCalle_2024 p.55; Lu_2020 SIN_PDF,"""Some of these assays, especially CDC N1, N2 and N3, and E_Sarbeco have been used to detect SARS-CoV-2 in wastewater samples from the Netherlands""; ""confirming the presence of the nucleocapsid's N1 and N2 genes""","Parkins_2023 p.20 (""The US Centers for Disease Control and Prevention designed three assays targeting the N gene (i.e., N1, N2, and N3 assays) for the SARS-CoV-2 Real-Time RT-PCR Diagnostic Panel (250, 251), of which the first two are the most widely used"")","Origen CDC (Ahmed) y gen N (Mejía) se sostienen por separado; Lu_2020, fuente primaria del panel, no está en el repo; Parkins (no citado) lo dice literal. | Fuente descargada en acceso abierto y verificada.",corregir,lote3b
MET-32,Metodología,03_metodologia_diseno.tex:79,N1 y N2 se emplean de forma amplia para detectar SARS-CoV-2 en aguas residuales,Lu_2020;Ahmed_2020;MejiaCalle_2024,OK,Ahmed_2020 p.7; MejiaCalle_2024 p.34,"""especially CDC N1, N2 and N3, and E_Sarbeco have been used to detect SARS-CoV-2 in wastewater samples from the Netherlands (Medema et al., 2020). Wu et al. (2020a) reported the concentration of SARS-CoV-2 RNA in wastewater samples in Massachusetts, USA using CDC N1, N2 and N3 assays""",Parkins_2023 p.20,Ahmed lo afirma en la discusión citando a terceros; Ahmed no usó N1/N2 en su propio ensayo.,mantener,
MET-33,Metodología,03_metodologia_diseno.tex:79,El control RP (RNasa P humana) verifica la integridad del procesamiento,Lu_2020;Ahmed_2020;MejiaCalle_2024,NO,MejiaCalle_2024 p.34; Lu_2020 SIN_PDF,"""SARS-CoV-2 Primer/Probe Mix (N1/N2/RP) (10X)""",,Mejía solo nombra la mezcla N1/N2/RP; ni Ahmed ni Mejía describen la función de RP como control de integridad (Lu_2020 no está en el repo). | Fuente descargada en acceso abierto y verificada.,corregir,lote3b
MET-34,Metodología,03_metodologia_diseno.tex:119,Amplificación con el módulo NEBNext ARTIC SARS-CoV-2 RT-PCR con controles positivos y negativos,NEB_2021,FABRICANTE-OFICIAL,NEB_2021 SIN_PDF,,"MejiaCalle_2024 p.35 (""A multiplex PCR was conducted following the NEBNext® ARTIC SARS-CoV-2 RT-PCR Module protocol ... positive and negative controls were used for all samples"")",Protocolo de fabricante ausente; el antecedente describe el mismo módulo y controles.,mantener,
MET-35,Metodología,03_metodologia_diseno.tex:119,"Los paneles de amplicones aumentan la recuperación genómica con ARN degradado o baja abundancia, frecuente en aguas residuales",Barbe_2022;Child_2023,OK,Barbe_2022 p.8; Child_2023 p.2,"""The ARTIC-400 multiplex PCR was shown to offer good performance with degraded or high Ct samples (Tyson et al., 2020), and thus appeared well suited for the complex wastewater matrix""; ""Whole genome sequencing (WGS) via PCR can provide high sensitivity for viral detection in degraded samples, such as those from wastewater""",,Coincide (texto de Barbe en dos columnas).,mantener,
MET-36,Metodología,03_metodologia_diseno.tex:119,La adaptación de ARTIC a la matriz ambiental alcanzó cobertura casi completa del genoma de SARS-CoV-2,Barbe_2022,OK,Barbe_2022 p.1,"""The protocol was adapted to allow near-full genome coverage from sewage samples, starting from ∼5% to reach ∼90% at depth 30""",,Coincide; Barbe evaluó concentraciones de 1e4 a 1e6 cRNA/L (p.5).,mantener,
MET-37,Metodología,03_metodologia_diseno.tex:119,La PCR dirigida supera a la metagenómica y a la captura híbrida cuando la abundancia viral es baja,Barbe_2022;Child_2023,OK,Child_2023 p.1; Child_2023 p.6,"""Tiled-PCR sequencing led to further improvements in genome coverage compared to hybrid capture for severe acute respiratory syndrome coronavirus 2 ... untargeted shotgun sequencing was unsuitable for genomic monitoring of the low virus concentrations in wastewater samples""; ""SARS-CoV-2 coverage breadth from tiled PCR was, as expected, significantly greater than both shotgun and hybrid-capture enrichment libraries""",,Respaldado por Child; Barbe no compara métodos.,mantener,
MET-38,Metodología,03_metodologia_diseno.tex:178,Protocolo DDNS que amplifica la región VP1 mediante PCR anidada,Shaw_2020;Shaw_2022_protocol,OK,Shaw_2022_protocol p.2; Shaw_2020 p.1,"""commonly known as Direct Detection of Poliovirus by Nanopore Sequencing (DDNS). ... The protocol aims to amplify the VP1 region of poliovirus through a nested PCR using panEV primers followed by amplification of the VP1 sequence using the Q8/Y7 primer set""; ""We present a nested PCR and nanopore sequencing protocol""",,"Coincide; el acrónimo DDNS figura en el protocolo, no en Shaw_2020.",mantener,
MET-39,Metodología,03_metodologia_diseno.tex:178,"VP1 es la diana de referencia para diferenciar Sabin-like, salvaje y derivado de vacuna",Asghar_2014;Zurbriggen_2008,OK,Zurbriggen_2008 p.2,"""The first pair (Y7 and Q8) amplified the entire VP1 coding region to allow complete sequencing of the region ... sequencing of the resulting amplicons identified both the serotype (1, 2, or 3) and some virulence attributes, namely, SL versus VDPV versus wt poliovirus""","Martin_2016 p.69 (VP1 ≤1 %, 1 a 15-18 %, >20 % respecto de Sabin)",Sostenido por Zurbriggen; Asghar no enuncia la diferenciación de las tres categorías.,mantener,
MET-40,Metodología,03_metodologia_diseno.tex:178,VP1 permite establecer relaciones genéticas entre eventos de detección ambiental,Asghar_2014;Zurbriggen_2008,OK,Asghar_2014 p.1; Asghar_2014 p.7,"""the genetic sequences of polioviruses isolated from ES are compared with those of isolates from clinical cases to evaluate the relationships among viruses""; ""Phylogenetic analysis of complete VP1 sequences of viruses isolated from sewage samples in Mumbai and AFP cases in the country showed that viruses are exchanged""",,Coincide.,mantener,
MET-41,Metodología,03_metodologia_diseno.tex:180,Primera ronda con cebadores pan-enterovirus dirigidos a 5'NTR y Cre,Arita_2015,FABRICANTE-OFICIAL,Arita_2015 SIN_PDF,,"Shaw_2022_protocol p.4 (""For the initial RT-PCR, uses the PanEV primers 5'NTR [...] and Cre [...] (Arita et al, 2015)""); Shaw_2020 p.6",Arita no está en el repo; el protocolo DDNS lo reproduce y lo atribuye a Arita.,mantener,
MET-42,Metodología,03_metodologia_diseno.tex:180,Segunda ronda amplifica VP1 con Y7,Kilpatrick_2011,FABRICANTE-OFICIAL,Kilpatrick_2011 SIN_PDF,,"Shaw_2022_protocol p.5 (""Forward Primer (Y7): GGGTTTGTGTCAGCCTGTAATGA (Kilpatrick et al. 2011)"")",Fuente primaria ausente; atribución confirmada por el protocolo.,mantener,
MET-43,Metodología,03_metodologia_diseno.tex:180,Segunda ronda amplifica VP1 con Q8,Yang_1991,FABRICANTE-OFICIAL,Yang_1991 SIN_PDF,,"Shaw_2022_protocol p.5 (""Reverse Primer (Q8): AAGAGGTCTCTRTTCCACAT (Yang et al. 1992)"")",Fuente primaria ausente; el protocolo cita 'Yang et al. 1992' y la entrada BibTeX es de 1991 (Virus Research 20:159-179).,mantener,
MET-44,Metodología,03_metodologia_diseno.tex:180,Los cebadores pueden incorporar códigos de barras para simplificar la preparación de bibliotecas,Shaw_2020;Shaw_2022_protocol,OK,Shaw_2022_protocol p.2; Shaw_2020 p.3,"""We advise the use of barcoded primers where possible as this greatly simplifies the subsequent library preparation process""; ""modifying these primers with either the addition of a barcode adaptor (VP1-BCA) or barcode (VP1-barcode) to allow immediate multiplexing of samples""",,Coincide.,mantener,
MET-45,Metodología,03_metodologia_diseno.tex:180,La detección molecular directa reduce los tiempos de confirmación frente al aislamiento viral,Shaw_2022,OK,Shaw_2022 p.1; Shaw_2022 p.9,"""New VDPV2 outbreaks were confirmed a median of 35 days (27–60) after paralysis onset, which we estimate could be reduced to 16 days by DDNS (9–37)""; ""negative results confirmed within 3 days rather than 2 weeks""",,Coincide (estimación modelada sobre heces de casos de PFA).,mantener,
MET-46,Metodología,03_metodologia_diseno.tex:180,El enfoque resulta adecuado para vigilancia ambiental con baja tasa de detección clínica,Shaw_2022,PARCIAL,Shaw_2022 p.9,"""DDNS can also be used on environmental samples, with RNA extraction being performed on viral concentrate, and work is ongoing to optimize the sensitivity of the method""",,La aplicabilidad a muestras ambientales se sostiene; 'baja tasa de detección clínica' no aparece y el estudio excluye explícitamente lo detectado por vigilancia ambiental (p.3).,corregir,lote3b
MET-47,Metodología,03_metodologia_diseno.tex:191,El esquema ARTIC RSV divide RSV-A y RSV-B en amplicones de unos 400 pb,Maloney_2025,OK,Maloney_2025 p.10,"""This resulted in two primer sets of 50 amplicons with a target amplicon size of 400bp""",,Coincide.,mantener,
MET-48,Metodología,03_metodologia_diseno.tex:191,Dos pools de cebadores por subgrupo,Maloney_2025,OK,Maloney_2025 p.11,"""with two different PCR reactions being set-up for RSV A (pool 1 and pool 2) and a separate set used for RSV B (pool 1 and pool 2)""",,Coincide (descrito para el laboratorio RIE).,mantener,
MET-49,Metodología,03_metodologia_diseno.tex:191,El laboratorio de la USFQ participó en la validación del esquema,Maloney_2025,OK,Maloney_2025 p.5,"""Universidad San Francisco de Quito (USFQ) Ecuador Nanopore""; ""four used Nanopore (MDH, NVRL, UoN and USFQ)""",,Coincide.,mantener,
MET-50,Metodología,03_metodologia_diseno.tex:191,La USFQ usó una versión modificada del ARTIC LoCost V3 de SARS-CoV-2 sustituyendo los cebadores por los de RSV-A o RSV-B,Maloney_2025,OK,Maloney_2025 p.13,"""Sequencing strategy – USFQ ... We used a modified version of the Artic Lo-Cost V3 protocol for SARS-CoV-2 sequencing ... to generate amplified cDNA. Instead of SARS-CoV-2 primers, we used primers for RSV-A or RSV-B.""",,Coincide.,mantener,
MET-51,Metodología,03_metodologia_diseno.tex:202,"Gel de agarosa al 1,5 % (1,5 g en 100 mL de TBE) con 1 µL de SYBR Safe",NEB_2021;Barbe_2022,NO,NEB_2021 SIN_PDF; Barbe_2022 (sin mención de gel),,"Recursos/metodologia.docx (""electroforesis en gel de agarosa al 1,5 %, preparado mediante la disolución de 1,5 g de agarosa en 100 mL de tampón TBE, al cual se añadió 1 µL de SYBR Safe""); MejiaCalle_2024 p.35 (""running the 1.5% agarose gel""); Child_2023 p.15",Barbe no describe electroforesis ni SYBR Safe y NEB_2021 no está en el repo; el dato proviene del protocolo propio del laboratorio.,corregir,lote3b
MET-52,Metodología,03_metodologia_diseno.tex:204,La selección para secuenciación se basó en bandas del tamaño esperado tras la PCR multiplex,MejiaCalle_2024;Child_2023,OK,Child_2023 p.15,"""PCR products targeting these viruses were assessed for successful amplification by agarose gel electrophoresis. PCR products for samples displaying amplification at the expected size were taken forward for library preparation""",,Coincide (Child lo aplica a sus PCR de otros virus).,mantener,
MET-53,Metodología,03_metodologia_diseno.tex:204,"El Cq se usó para descartar muestras sin amplificación o muy tardía, dado que la baja carga limita la recuperación genómica",MejiaCalle_2024;Child_2023,OK,MejiaCalle_2024 p.45; Child_2023 p.6,"""only 36 samples could be sequenced, as the remaining 11 samples had very late CT values, which prevented successful sequencing""; ""High genome coverage breadth was obtained for SARS-CoV-2 across all samples with tiled-PCR amplification, which was significantly correlated with the Ct values from RT-qPCR""",,Coincide.,mantener,
MET-54,Metodología,03_metodologia_diseno.tex:208,Secuenciación Oxford Nanopore con Native Barcoding Kit 96 V14 (SQK-NBD114.96) y celdas R10.4.1,ONT_2025;Barbe_2022,PARCIAL,Barbe_2022 p.3; Barbe_2022 p.4; ONT_2025 SIN_PDF,"""mixed with barcodes accordingly using the Oxford Nanopore native barcoding kit (NBD-104""; ""the library was loaded on a R9.4.1 flow cell placed onto a MinION Mk1C sequencer""","MejiaCalle_2024 p.36 (""sequenced using R10.4.1 flow cells from Oxford Nanopore technology"")","Barbe respalda barcoding nativo ONT, pero con NBD-104 y R9.4.1; el kit V14 y R10.4.1 no están en Barbe (ONT_2025 sin PDF).",corregir,lote1
MET-55,Metodología,03_metodologia_diseno.tex:208,"End-repair/dA-tailing, ligación de código de barras nativo, detención, AMPure XP, pooling, ligación de adaptadores y limpieza para fragmentos cortos",ONT_2025;Barbe_2022,PARCIAL,Barbe_2022 p.4; ONT_2025 SIN_PDF,"""library preparation (addition of a purification step between the end-preparation and the barcoding reactions, adaptation of elution volumes to maximize recovery)""","MejiaCalle_2024 p.36-37 (end-prep, Native Barcode, EDTA, 0.4X Ampure XP, Native Adapter, ""Short Fragment Buffer (SFB)"")",Barbe solo menciona end-prep y barcoding; la secuencia completa de pasos está en Mejía (no citada aquí) y en el protocolo ONT (ausente).,reemplazar,lote2
MET-56,Metodología,03_metodologia_diseno.tex:210,"Cebado de la celda SpotON con Flow Cell Flush, Flow Cell Tether y BSA; carga por el puerto SpotON",ONT_2025;Dash_2024,SIN_FUENTE,ONT_2025 SIN_PDF,,"MejiaCalle_2024 p.37 (""For priming and loading the SpotON flow cell, 1100μL of Flow Cell Flush (FCF), 25μL of Flow Cell Tether (FCT), and 5μL of Bovine Serum Albumin (BSA)"")",Paso de fabricante; Dash no lo describe.,mantener,
MET-57,Metodología,03_metodologia_diseno.tex:210,"Secuenciación en GridION, MinION o PromethION",ONT_2025;Dash_2024,OK,Dash_2024 p.110,"""Devices capable of yielding higher throughputs than the MinION device, namely the GridION and the PromethION, are also available on the market""",,Coincide.,mantener,
MET-58,Metodología,03_metodologia_diseno.tex:210,Adquisición en tiempo real con MinKNOW que habilita basecalling y demultiplexación,ONT_2025;Dash_2024,PARCIAL,Dash_2024 p.101; ONT_2025 SIN_PDF,"""nanopores that can be measured and analyzed in real time. MinIONTM is a disposable version of GridION""",,"Dash respalda el análisis en tiempo real; MinKNOW, basecalling y demultiplexación no aparecen en Dash (ONT_2025 sin PDF).",mantener,
MET-59,Metodología,03_metodologia_diseno.tex:210,Para poliovirus la preparación de bibliotecas siguió el protocolo DDNS para amplicones de VP1,Shaw_2020;Shaw_2022_protocol,OK,Shaw_2022_protocol p.4; Shaw_2020 p.3,"""This protocol describes the amplification of the VP1 sequence, sample barcoding and library preparation""; ""PCR products underwent a standard preparation for nanopore sequencing with the LSK-109 kit with barcoding using the EXP-PBC096 kit where necessary""",,Coincide.,mantener,
MET-60,Metodología,03_metodologia_diseno.tex:257,Nextclade asigna clado y linaje PANGO con una calificación de calidad que penaliza datos faltantes,Aksamentov_2021,FABRICANTE-OFICIAL,Aksamentov_2021 SIN_PDF,,,Artículo de software no presente en el repositorio.,mantener,
MET-61,Metodología,03_metodologia_diseno.tex:257,Pangolin aportó una segunda asignación de linaje,OToole_2021,FABRICANTE-OFICIAL,OToole_2021 SIN_PDF,,Karthikeyan_2022 p.1 (menciona pangolin como herramienta de asignación de linaje),Artículo de software no presente en el repositorio.,mantener,
MET-62,Metodología,03_metodologia_diseno.tex:259,Las herramientas de asignación por consenso se diseñaron para muestras clínicas con una variante dominante y no estiman abundancias relativas en mezclas,Karthikeyan_2022,OK,Karthikeyan_2022 p.1,"""pangolin14 and UShER15, were designed for clinical samples containing a single dominant variant, and cannot estimate relative abundances""",,Coincide.,mantener,
MET-63,Metodología,03_metodologia_diseno.tex:259,Freyja registra la frecuencia de cada mutación definitoria de linaje en las lecturas,Karthikeyan_2022,OK,Karthikeyan_2022 p.3,"""a, Subset of lineage defining mutation 'barcode' matrix ... b, Single-nucleotide variant (SNV) frequencies obtained from iVar used for recovering relative abundance of each lineage""",,Coincide.,mantener,
MET-64,Metodología,03_metodologia_diseno.tex:259,"Abundancias por regresión ponderada por profundidad, restringida a valores no negativos que suman la unidad",Karthikeyan_2022,OK,Karthikeyan_2022 p.3,"""Freyja recovers relative lineage abundance by solving a depth-weighted least absolute deviation regression problem""; ""Freyja constrains the solution space such that each lineage abundance value is non-negative and overall lineage abundance sums to one""",,Coincide (la fuente precisa 'least absolute deviation').,mantener,
MET-65,Metodología,03_metodologia_diseno.tex:259,Alineamiento contra MN908947.3 con minimap2,Li_2018,FABRICANTE-OFICIAL,Li_2018 SIN_PDF,,Recursos/Correcciones/reanalisis/01_mapear.sh,Software sin PDF; parámetro propio documentado en el script.,mantener,
MET-66,Metodología,03_metodologia_diseno.tex:259,Lecturas primarias con MAPQ ≥ 20 y recorte de cebadores ARTIC V3 y VarSkip con samtools,Danecek_2021,FABRICANTE-OFICIAL,Danecek_2021 SIN_PDF,,Recursos/Correcciones/reanalisis/03_qc.sh (samtools view -F 0x904 -q 20; samtools ampliconclip),Software sin PDF; parámetros propios del reanálisis.,mantener,
MET-67,Metodología,03_metodologia_diseno.tex:259,Freyja con profundidad mínima de 10 lecturas y barcodes del 20 de junio de 2025,Karthikeyan_2022,SIN_FUENTE,Karthikeyan_2022 (no contiene estos parámetros),,"Recursos/Correcciones/reanalisis/05_freyja.sh (""commit andersen-lab/Freyja 00124d1 (20/06/2025) ... Profundidad minima 10"")",Parámetros propios del análisis; la oración no los atribuye a Karthikeyan.,mantener,
MET-68,Metodología,03_metodologia_diseno.tex:261,Lecturas de RSV alineadas con minimap2 contra las referencias RSV-A y RSV-B del esquema ARTIC RSV,Maloney_2025;Li_2018,OK,Maloney_2025 p.11; Li_2018 SIN_PDF,"""a custom python-based tool was first used to map reads to either the RSV A or B reference using minimap222""",Recursos/Correcciones/reanalisis/06_rsv.sh,Maloney respalda referencias RSV-A/B del esquema y minimap2; el criterio MAPQ ≥ 20 y el indicador de cebadores son propios (declarados así).,mantener,
MET-69,Metodología,03_metodologia_diseno.tex:263,Comparación de una secuencia representativa con NCBI mediante BLAST,Camacho_2009,FABRICANTE-OFICIAL,Camacho_2009 SIN_PDF,,,Artículo de software no presente en el repositorio.,mantener,
MET-70,Metodología,03_metodologia_diseno.tex:263,"Alineamiento con minimap2 contra un panel de 124 secuencias de enterovirus (especie C, Sabin 1-3 y dos EV-A)",Li_2018,FABRICANTE-OFICIAL,Li_2018 SIN_PDF,,"Recursos/Correcciones/reanalisis/07_ev_mapeo.sh (""panel de 124 referencias"")",Software sin PDF; panel propio.,mantener,
MET-71,Metodología,03_metodologia_diseno.tex:263,Consenso de VP1 con samtools a partir de posiciones con ≥ 20 lecturas,Danecek_2021,FABRICANTE-OFICIAL,Danecek_2021 SIN_PDF,,Recursos/Correcciones/reanalisis/12_ev_vp1.sh (samtools consensus -d 20),Software sin PDF; parámetro propio.,mantener,
MET-72,Metodología,03_metodologia_diseno.tex:263,"El tipo corresponde a la secuencia de referencia con mayor identidad de nucleótidos, que debe superar el 75 %",Martin_2016,OK,Martin_2016 p.38,"""Compare the sequence to the GenBank nucleotide data base with BLAST [6]. The enterovirus prototype sequence, which poses the highest nucleotide identity with the query sequence, determines the type of the enterovirus. This identity should be more than 75 % at the nucleotide level (see Note 19).""",,"Coincide; la fuente habla de secuencia 'prototipo' (cap. de tipificación de enterovirus, p.25 del libro) y la nota 19 (p.41) admite <75 % en cepas de especie C.",mantener,
MET-73,Metodología,03_metodologia_diseno.tex:263,Árbol de máxima verosimilitud de VP1 con MAFFT,Katoh_2013,FABRICANTE-OFICIAL,Katoh_2013 SIN_PDF,,Recursos/Correcciones/reanalisis/10_ev_arbol.sh,Software sin PDF.,mantener,
MET-74,Metodología,03_metodologia_diseno.tex:263,IQ-TREE con 1000 réplicas de bootstrap ultrarrápido,Minh_2020,FABRICANTE-OFICIAL,Minh_2020 SIN_PDF,,Recursos/Correcciones/reanalisis/10_ev_arbol.sh (iqtree2 -m MFP -B 1000),Software sin PDF.,mantener,
MET-75,Metodología,03_metodologia_diseno.tex:267,La baja carga viral y los inhibidores del influente exigen controles que distingan la amplificación del blanco de la contaminación y del ruido,Parkins_2023,PARCIAL,Parkins_2023 p.19; Parkins_2023 p.20,"""Inhibitory substances in the sample can suppress PCR amplification partially or completely, resulting in incorrect quantification or false-negative results (236). Several spiked-in exogenous quality controls have been described for identifying PCR inhibitors""; ""SARS-CoV-2 sheds at a relatively low level in feces""",,Inhibidores y controles de inhibición se sostienen; la función de distinguir contaminación y ruido no figura en Parkins.,corregir,lote3b
MET-76,Metodología,03_metodologia_diseno.tex:267,Cada RT-qPCR incluyó el control positivo del ensayo Luna y un control sin molde (NTC),NEB_2020,FABRICANTE-OFICIAL,NEB_2020 SIN_PDF,,"MejiaCalle_2024 p.34 (""positive and negative controls were used for all samples"")",Protocolo de fabricante ausente.,mantener,
MET-77,Metodología,03_metodologia_diseno.tex:267,Las PCR multiplex de SARS-CoV-2 incluyeron controles positivo y negativo evaluados por electroforesis,NEB_2021,FABRICANTE-OFICIAL,NEB_2021 SIN_PDF,,"MejiaCalle_2024 p.35 (""positive and negative controls were used for all samples to verify the effectiveness of the kit and to rule out any potential contamination"")",Protocolo de fabricante ausente.,mantener,
MET-78,Metodología,03_metodologia_diseno.tex:269,"Un resultado negativo puede reflejar ausencia del blanco, degradación del ácido nucleico o incompatibilidad de cebadores",Child_2023,OK,Child_2023 p.8; Child_2023 p.11,"""suggesting that they were not present in sufficient quantities for PCR detection""; ""may have been caused by nucleic acid degradation in wastewater samples, which can restrict the contiguous binding of primer pairs""; ""possibly due to primer incompatibility or geographic variation""",,"Las tres causas están en Child, en pasajes distintos.",mantener,
MET-79,Metodología,03_metodologia_diseno.tex:275,"El influente es una muestra compuesta sin identificadores individuales, por lo que no se manejaron datos personales ni muestras individuales",Subedi_2019,PARCIAL,Subedi_2019 p.22,"""When characterizing a large population with WBE for public health purposes, Hall et al. concluded that there were no major ethical concerns""; ""(2) of restrictions on individual tracking when many people live at a residence""",MejiaCalle_2024 p.32 (once barrios),Subedi sostiene la ausencia de objeciones éticas mayores a escala poblacional; la conclusión de que no hubo datos personales es inferencia del autor.,mantener,
MET-80,Metodología,03_metodologia_diseno.tex:275,"Manipulación en cabina de bioseguridad clase II, alcohol 70 %, UV 15 min, EPP y descontaminación",WHO_2020,FABRICANTE-OFICIAL,WHO_2020 SIN_PDF,,"Parkins_2023 p.39-40 (""suitable personal protective equipment (PPE) ... with decontamination steps""; ""specimens with infectious risks should always be processed in a biosafety level-2 cabinets"")","Guía OMS ausente; Parkins respalda EPP, descontaminación y cabina BSL-2; alcohol 70 % y UV 15 min no aparecen en ninguna fuente del repo.",mantener,
DIS-01,Discusión,05_discusion.tex:3,Existe un estudio antecedente local de SARS-CoV-2 (en aguas residuales de Quito),MejiaCalle_2024,OK,MejiaCalle_2024 p.1,"""Analysis of SARS-CoV-2 variants in wastewater from the Metropolitan District of Quito using a passive sampling 3D printed device""",,Título de la tesis antecedente; muestras de la PTAR Quitumbe (p.29).,mantener,
DIS-02,Discusión,05_discusion.tex:7,"Desde los primeros reportes, el ARN de SARS-CoV-2 en aguas residuales acompañó la circulación comunitaria",Ahmed_2020;Medema_2020,OK,Medema_2020 p.1;Ahmed_2020 p.2,"Medema: ""The detection of the virus in sewage, even when the COVID-19 prevalence is low, indicates that sewage surveillance could be a sensitive tool to monitor the circulation of the virus"" | Ahmed: ""the model estimated a median range of 171 to 1,090 infected persons in the catchment, which is in reasonable agreement with clinical observations""",,"Ambas fuentes son primeros reportes (Países Bajos, Australia).",mantener,
DIS-03,Discusión,05_discusion.tex:7,...aun con vigilancia clínica limitada,Ahmed_2020;Medema_2020,OK,Medema_2020 p.2,"Medema: ""that could complement current clinical surveillance, which is limited to the COVID-19 patients with the most severe symptoms"" | Medema: ""3 weeks before the first COVID-19 case was recognized by the health surveillance system""",,"Lo sostiene Medema; Ahmed no menciona vigilancia clínica limitada (solo datos de prevalencia clínica disponibles a nivel PHN, p.7).",mantener,
DIS-04,Discusión,05_discusion.tex:7,"La vigilancia en aguas residuales en un sitio centinela es ventajosa en contextos con recursos limitados, con un esquema multipatógeno",Parkins_2023;Bubba_2023,OK,Parkins_2023 p.39;Bubba_2023 p.8,"Parkins: ""strategically implemented WBS sites in sentinel sewersheds would still have profound impacts in these resource-limited settings. In particular, WBS offers a cost-effective, real-time measure"" | Bubba: ""Combining efforts to use modern molecular-based wastewater surveillance for multiple pathogens to complement clinical surveillance will make the systems more cost-efficient and sustainable.""",,La idea se arma combinando fuentes: Parkins aporta el sitio centinela en contextos de recursos limitados y Bubba (contexto europeo) el enfoque multipatógeno costo-eficiente.,mantener,
DIS-05,Discusión,05_discusion.tex:11,La cobertura de la PCR por amplicones se correlaciona con el Ct en aguas residuales,Child_2023,OK,Child_2023 p.6,"""High genome coverage breadth was obtained for SARS-CoV-2 across all samples with tiled-PCR amplification (Fig. 4a), which was significantly correlated with the Ct values from RT-qPCR (Fig. S2a).""",,Datos de pools de aguas residuales (Fig. S2a).,mantener,
DIS-06,Discusión,05_discusion.tex:11,Las cargas virales bajas y el ARN fragmentado limitan la recuperación genómica,Parkins_2023,PARCIAL,Parkins_2023 p.20;Karthikeyan_2022 p.1,"Parkins: ""SARS-CoV-2 sheds at a relatively low level in feces and is detectable mainly as non-infectious RNA fragments in wastewater"" | Karthikeyan: ""Low viral loads, heavily fragmented RNA and PCR inhibitors in complex environmental samples lead to poor sequencing coverage""",Karthikeyan_2022 p.1,"Parkins documenta la baja carga y la fragmentación del ARN, pero no las vincula a la recuperación genómica; la afirmación literal está en Karthikeyan_2022.",corregir,lote1
DIS-07,Discusión,05_discusion.tex:11,La formación de dímeros entre cebadores es la causa principal del sesgo de cobertura en la PCR por amplicones,Itokawa_2020,OK,Itokawa_2020 p.1;Itokawa_2020 p.5,"""we will show that dimer formations between some primers are the major cause of coverage bias in the multiplex PCR"" | Conclusiones: ""The formation of primer-dimers is a major cause of coverage bias in the ARTIC Network's multiplex PCR protocol""",,"El resumen dice «the major cause» y las conclusiones «a major cause»; el hallazgo es del set de cebadores ARTIC V1 en muestras clínicas, no en aguas residuales.",mantener,
DIS-08,Discusión,05_discusion.tex:11,...y el sesgo se acentúa a medida que baja la carga viral,Itokawa_2020,OK,Itokawa_2020 p.1;Itokawa_2020 p.2,"""The original primer set and protocol showed a fairly small amplification bias when clinical samples with relatively high viral loads were used. However, as sample's viral load become low, rapid decrease in abundances of several amplicons were seen."" | ""the most frequent bottleneck ... from samples with middle to low viral load (Ct > 27)""",,"Itokawa lo presenta como una observación previa a la explicación por dímeros, en muestras clínicas.",mantener,
DIS-09,Discusión,05_discusion.tex:11,En el alcantarillado de San Diego la cobertura por amplicones se mantuvo alta con Cq cercanos a 38,Karthikeyan_2022,OK,Karthikeyan_2022 p.2,"""we obtained near-complete virus genomes for wastewater samples with cycle quantification values as high as 38 (median genome coverage of 96.49% (range 75.67–100.00%); Extended Data Fig. 2)""",,38 es el Cq máximo con genomas casi completos; muestras del campus UCSD y del área de San Diego.,mantener,
DIS-10,Discusión,05_discusion.tex:11,"En Dhaka, un programa de vigilancia por Nanopore en un país de ingresos bajos",Haque_2023,PARCIAL,Haque_2023 p.1;Haque_2023 p.5,"""Keyword COVID-19, Variants, Wastewater, Lineages, Sequencing, Low-middle-income countries"" | ""Oxford Nanopore sequencing library was prepared following the ARTIC nCoV-2019 sequencing protocol v3""",,"Dhaka y Nanopore se sostienen; la fuente clasifica a Bangladés como país de ingresos medianos bajos, no de ingresos bajos.",corregir,lote1
DIS-11,Discusión,05_discusion.tex:11,Las muestras enviadas a secuenciación se seleccionaron por su valor de Cq,Haque_2023,PARCIAL,Haque_2023 p.5,"""Among the 504 tested wastewater samples, thirty had Ct values ≤ 32.9. We randomly selected every third of positive samples (n = 10) for whole genome sequencing (Ct value range 28.78–32.13)""",,"El umbral de Ct ≤ 32,9 definió el conjunto elegible, pero dentro de él se eligió una de cada tres muestras de forma aleatoria; no hubo selección por el valor individual de Cq.",corregir,lote1
DIS-12,Discusión,05_discusion.tex:11,"Se recuperaron genomas con cobertura del 94,2 al 99,8 % a partir de muestras con Cq de ORF1ab entre 28,8 y 32,1",Haque_2023,OK,Haque_2023 p.1;Haque_2023 p.6,"""ten samples with ORF1ab real-time RT-PCR cycle threshold (Ct) values ranging from 28.78 to 32.13 were subjected to whole genome sequencing using nanopore technology ... with coverage ranging from 94.2 to 99.8%""",,Las cifras coinciden (redondeadas).,mantener,
DIS-13,Discusión,05_discusion.tex:15,El linaje 23I (JN.1) fue dominante en la región andina durante 2024,Bruno_2025,OK,Bruno_2025 p.4;Bruno_2025 p.1,"""sub variants lineages like 22F, 23A, and 23I. This last lineage 23I (JN.1) has been dominant along 2024.""",,"Se refiere a Colombia, Ecuador, Perú y Bolivia.",mantener,
DIS-14,Discusión,05_discusion.tex:15,El consenso retiene en cada posición la base mayoritaria bajo el supuesto de una variante dominante,Karthikeyan_2022,OK,Karthikeyan_2022 p.11;Karthikeyan_2022 p.1;Karthikeyan_2022 p.3,"""Bases were only included in the sequence if there was a consensus base at the site (more than 50% nucleotide frequency)."" | ""pangolin and UShER, were designed for clinical samples containing a single dominant variant"" | ""can only be used to identify a single (dominant) lineage per sample""",,"El supuesto de una variante dominante se atribuye a las herramientas de asignación (pangolin/UShER), no al consenso en sí.",mantener,
DIS-15,Discusión,05_discusion.tex:15,"Los consensos con baja cobertura registran pocas mutaciones definitorias y quedan expuestos a los componentes minoritarios de la mezcla, de ahí la discrepancia con Freyja",Karthikeyan_2022,PARCIAL,Karthikeyan_2022 p.1;Karthikeyan_2022 p.3,No se encontró en la fuente un texto que vincule la baja cobertura del consenso con la exposición a componentes minoritarios.,,La fuente sostiene la lógica de la base mayoritaria y la limitación a un linaje dominante; el nexo con la baja cobertura y con la discrepancia es inferencia de la tesis.,mantener,
DIS-16,Discusión,05_discusion.tex:15,Freyja estima la abundancia de cada linaje a partir de la frecuencia de sus mutaciones en el conjunto de las lecturas,Karthikeyan_2022,OK,Karthikeyan_2022 p.3,"""Freyja uses a 'barcode' library of lineage-defining mutations ... Freyja stores the SNV frequencies (the proportion of reads at a site that contain the SNV) for each of the lineage-defining mutations ... Freyja recovers relative lineage abundance by solving a depth-weighted least absolute deviation regression problem""",,,mantener,
DIS-17,Discusión,05_discusion.tex:15,Los autores de Freyja lo aplicaron a muestras con más del 50 al 70 % del genoma cubierto,Karthikeyan_2022,OK,Karthikeyan_2022 p.10,"""Analysis was only performed on samples with greater than 70% coverage, with the exception of March samples from the UCSD for which all samples with greater than 50% coverage were used.""",,El umbral general es 70 %; el 50 % solo se aplicó a las muestras de marzo de la UCSD.,mantener,
DIS-18,Discusión,05_discusion.tex:15,El antecedente local reportó JN.1 en la PTAR Quitumbe antes de su identificación clínica,MejiaCalle_2024,OK,MejiaCalle_2024 p.51,"""As observed globally, the JN.1 lineage was first detected in wastewater, preceding its appearance in clinical samples by several months. The same phenomenon occurred in our study in Ecuador.""",,Ver también p.55 (BA.2.86 detectado antes en aguas residuales).,mantener,
DIS-19,Discusión,05_discusion.tex:15,El seguimiento de linajes requiere genomas de consenso completos,Crits_Christoph_2021,OK,Crits_Christoph_2021 p.3,"""Complete consensus viral genomes are required to perform viral lineage tracking for genomic epidemiology.""",,,mantener,
DIS-20,Discusión,05_discusion.tex:17,"Ecuador secuenció el 1,15 % de sus casos confirmados entre 2020 y 2024",Bruno_2025,OK,Bruno_2025 p.4;Bruno_2025 p.6,"""cases that was sequenced in every country was 0.49% for Colombia, 1.15% for Ecuador, 1.25% for Peru and 0.06% for Bolivia."" | Tabla: ""Ecuador 814 4,018 5,102 1,796 744 12,619 1.15""",,,mantener,
DIS-21,Discusión,05_discusion.tex:17,Aporte en descenso hasta 744 genomas en 2024,Bruno_2025,OK,Bruno_2025 p.4,"""For Ecuador, a total number of 12,619 was obtained for the period of January 1st 2020 to December 31st 2024, distributed as 814 for 2020, 4,018 for 2021, 5,102 for 2022, 1,796 for 2023, and 744 for 2024.""",,El descenso empieza tras el pico de 2022 (5.102); son genomas disponibles en GISAID.,mantener,
DIS-22,Discusión,05_discusion.tex:17,La variabilidad en la cobertura de pruebas puede afectar la representatividad de las muestras secuenciadas,Bruno_2025,OK,Bruno_2025 p.7,"""Variability in testing coverage may affect the representativeness of sequenced samples""",,La fuente lo plantea como limitación de su propio estudio.,mantener,
DIS-23,Discusión,05_discusion.tex:17,El influente integra a la población conectada sin depender de que sus habitantes accedan a una prueba,Parkins_2023,OK,Parkins_2023 p.2,"""Intrinsic to WBS is its unique ability to monitor an entire population (irrespective of symptoms or the ability to access clinical testing) objectively, passively, and comprehensively""",,,mantener,
DIS-24,Discusión,05_discusion.tex:17,"Bruno et al. plantearon extender la red andina de vigilancia genómica a otros patógenos, entre ellos el RSV",Bruno_2025,OK,Bruno_2025 p.7,"""the grounds for a future Andean genomic surveillance program of infectious diseases including other pathogens like tuberculosis, respiratory viruses like respiratory syncytial virus or influenza virus""",,La fuente no menciona matrices ambientales; esa extensión es de la tesis.,mantener,
DIS-25,Discusión,05_discusion.tex:21,El Coxsackievirus A1 se tipificó por su identidad de nucleótidos con las secuencias del GenBank y por su posición en el árbol de VP1,Martin_2016,PARCIAL,Martin_2016 p.38,"""Compare the sequence to the GenBank nucleotide data base with BLAST [6]. The enterovirus prototype sequence, which poses the highest nucleotide identity with the query sequence, determines the type of the enterovirus. This identity should be more than 75 % at the nucleotide level""",,Martin sostiene la tipificación por identidad con el GenBank; la posición en el árbol de VP1 no figura en el protocolo de tipificación (pp. 33–41).,corregir,lote3b
DIS-26,Discusión,05_discusion.tex:21,La tipificación de enterovirus compara la secuencia de VP1 con las de todos los tipos disponibles en el GenBank,Martin_2016,OK,Martin_2016 p.33;Martin_2016 p.38,"""the genetic typing is based on the sequences obtained from the VP1 capsid protein coding region"" | ""Compare the sequence to the GenBank nucleotide data base with BLAST [6]. The enterovirus prototype sequence, which poses the highest nucleotide identity with the query sequence, determines the type""",,«Todos los tipos» parafrasea la comparación con los prototipos del GenBank por BLAST.,mantener,
DIS-27,Discusión,05_discusion.tex:21,La vigilancia ambiental de poliovirus emplea la recuperación de enterovirus no polio como indicador de desempeño,OReilly_2020;Bubba_2023,OK,OReilly_2020 p.1;Bubba_2023 p.2,"OReilly: ""In polio surveillance, isolation of the related non-polio enteroviruses (a group of ubiquitous enteric viruses) has been a useful quality indicator for field samples and testing performance."" | Bubba: ""one of useful criterion for satisfactory overall performance is the detection of non-polio enteroviruses (NPEVs)""",,,mantener,
DIS-28,Discusión,05_discusion.tex:21,Los protocolos de la OMS esperan aislar enterovirus no polio en cultivo celular en al menos el 10 al 30 % de las muestras,OReilly_2020;Bubba_2023,OK,OReilly_2020 p.1;Bubba_2023 p.2,"OReilly: ""WHO protocols suggest that at least 10–30% of samples should reveal non-polio enteroviruses, and sites can be rejected if isolation is not possible."" | Bubba: ""at least 30% of concentrated sewage from grab samples and at least 10% of traps should reveal non-polio enterovirus [7]"" (ref. 7 = WHO Guidelines for Environmental Surveillance)",,Bubba separa el 30 % (muestras puntuales) del 10 % (trampas); el aislamiento en cultivo queda implícito en ambas fuentes («isolation»).,mantener,
DIS-29,Discusión,05_discusion.tex:21,La detección molecular directa es ventajosa para los enterovirus no polio porque solo una pequeña proporción de sus cepas crece en los cultivos celulares,Bubba_2023,OK,Bubba_2023 p.6,"""the use of molecular methods for the direct detection of NPEVs from sewage samples is advantageous when only a small proportion of NPEV strains can be isolated in cell cultures typically used in clinical diagnostic laboratories.""",,La fuente lo formula como condición («when») y se refiere a los cultivos habituales de laboratorios clínicos.,mantener,
DIS-30,Discusión,05_discusion.tex:21,"Cada reacción de PCR analiza entre 5 y 8 µL del concentrado frente a los 0,5 mL que recibe cada uno de los ocho frascos del cultivo",Bubba_2023,OK,Bubba_2023 p.6,"""for environmental poliovirus surveillance, eight tissue culture flasks each test 0.5 mL of sewage concentrate, as opposed to a typical 5–8 µL applied for an RT-PCR reaction.""",,Las cifras coinciden; el ejemplo es de la vigilancia ambiental de poliovirus y la fuente no dice expresamente que los 5–8 µL sean «del concentrado».,mantener,
DIS-31,Discusión,05_discusion.tex:21,...lo que reduce la sensibilidad de los métodos moleculares,Bubba_2023,OK,Bubba_2023 p.6,"""Molecular methods, however, may struggle to match the sampling volume possible using cell culture. ... Methods to achieve greater concentration of viruses together with ... allow molecular methods to survey a larger volume of the sewage sample, hence increasing their sensitivity.""",,,mantener,
DIS-32,Discusión,05_discusion.tex:23,El esquema ecuatoriano aplica bOPV a los 6 y 18 meses y a los 5 años,MSP_2023,OK,MSP_2023 p.1,"""bOPV: Poliomielitis / 6 meses"" | ""18 meses HEXAVALENTE* bOPV SRP 2"" | ""5 años bOPV: Poliomielitis""",,,mantener,
DIS-33,Discusión,05_discusion.tex:23,"...además de cuatro dosis de polio inactivada contenidas en la hexavalente a los 2, 4, 6 y 18 meses",MSP_2023,OK,MSP_2023 p.1,"""HEXAVALENTE*: Previene 6 enfermedades: ... Vacuna inactivada de Polio Tipo 1, Tipo 2, Tipo 3"" en filas 2 meses, 4 meses, 6 meses y 18 meses",,,mantener,
DIS-34,Discusión,05_discusion.tex:23,La excreción de poliovirus Sabin en el alcantarillado sería esperable tras la vacunación,MasLago_2003,OK,MasLago_2003 p.1,"""Poliovirus was isolated from children through week 7 ... The last virus-positive wastewater sample was collected during week 15.""",,Corresponde a una campaña masiva de OPV en La Habana; la excreción desaparece de las aguas residuales tras unas 15 semanas.,mantener,
DIS-35,Discusión,05_discusion.tex:23,"En Suiza, con esquema exclusivo de vacuna inactivada, el alcantarillado de Zúrich rindió poliovirus tipo Sabin",Zurbriggen_2008,OK,Zurbriggen_2008 p.1,"""From 2001 to 2004, Switzerland switched from routine vaccination with oral polio vaccine (OPV) to inactivated polio vaccine (IPV) ... two sewage treatment plants located in the Zurich area were sampled from 2004 to 2006 ... A total of 20 out of 174 wastewater samples were positive for 62 Sabin-like isolates.""",,El muestreo se hizo justo después de la transición de OPV a IPV.,mantener,
DIS-36,Discusión,05_discusion.tex:23,"En Eslovaquia, décadas de vigilancia en aguas residuales aislaron poliovirus vacunal pero nunca salvaje",Kissova_2022,OK,Kissova_2022 p.4,"""During the first period years 1963 to 2019, a total of 19,238 wastewater samples were examined. ... Of these, 1062 were PVs, WPVs were not found. We found that 1015 isolated PVs were of vaccine origin, called 'Sabin-like'""",,"También se aislaron 47 cVDPV2 (2003–2005), que derivan de la vacuna.",mantener,
DIS-37,Discusión,05_discusion.tex:23,"Seo et al. recuperaron en Canadá, en 2022, un VDPV2 sin poliomielitis asociada y compatible con la excreción de un viajero",Seo_2025,OK,Seo_2025 p.1;Seo_2025 p.2,"""We sequence confirmed one poliovirus detection on August 30th, 2022"" | ""No clinical cases of poliomyelitis were detected in Canada during the time of this study."" | ""The sporadic detection of VDPV2 in Canadian wastewater supports a travel-related shedding event without community transmission.""",,,mantener,
DIS-38,Discusión,05_discusion.tex:23,"En una de las muestras reutilizadas el cultivo falló, y la VP1 se obtuvo por amplificación directa y secuenciación Nanopore",Seo_2025,PARCIAL,Seo_2025 p.5,"""Culture isolation of these two samples (re-purposed COVID-19 specimens) was attempted but were unsuccessful. Concurrently, PCR amplification directly from the wastewater specimen followed by sequencing of the VP1 region using Nanopore and Sanger resulted in successful sequencing of 1 of the samples tested (August 27th, 2022 collection).""",,El cultivo falló en las dos muestras reutilizadas (no solo en una) y la VP1 se secuenció en una de ellas con Nanopore y también con Sanger.,corregir,lote1
DIS-39,Discusión,05_discusion.tex:23,"La VP1 tuvo un 99,2 % de identidad con los aislados ambientales de Londres y un 98,8 % con el caso clínico de Nueva York",Seo_2025,OK,Seo_2025 p.5,"""Pair-wise analysis showed 99.2% identity to other environmental VDPV2 sequences detected in the UK and 98.8% sequence identity to the VDPV2 paralytic case detected in Rockland County, USA.""",,"Cifras de la muestra reutilizada WW22-3857. Las de 99,4 % (Londres) y 99,0 % (Nueva York) son del aislado de cultivo WW22-4017 (p.3); en p.5 la fuente dice «UK» y no «Londres».",mantener,
DIS-40,Discusión,05_discusion.tex:23,La secuenciación de VP1 distingue las cepas Sabin de las derivadas de la vacuna por el número de cambios respecto de la cepa vacunal,Klapsa_2022,OK,Klapsa_2022 p.5;Klapsa_2022 p.1,"""Most type 2 poliovirus isolates (n=98) are defined as vaccine-like poliovirus (fewer than six nucleotide changes in VP1 region), but some (n=20) are classified as vaccine-derived type 2 poliovirus containing between six and ten nucleotide changes in the VP1 region from the Sabin 2 vaccine strain."" | Resumen: ""an increasing proportion (20 of 118) meet the criterion for a vaccine-derived poliovirus, having six to ten nucleotide changes in the gene coding for VP1 capsid protein.""","Martin_2016 p.69 (criterio general: ≤1 % [<0,6 % tipo 2] Sabin-like; 1–15 % VDPV; >20 % salvaje)",Verificado contra el artículo original (PIIS0140673622018049.pdf); el número de cambios en VP1 respecto de Sabin 2 separa las cepas Sabin-like (<6) de las VDPV (6–10). La aplicación a la PTAR Quitumbe es de la tesis.,mantener,
DIS-41,Discusión,05_discusion.tex:27,En muestras clínicas hubo genomas completos de RSV en el 98 % de las muestras con más de 10 000 copias/mL y en ninguna por debajo de 1000,Le_2025,OK,Le_2025 p.1,"""Whole genomes (> 90% coverage) were obtained from 98% of samples with > 10,000 copies/mL, from 3/14 samples with 1,000–10,000 copies/mL, and from none with < 1,000 copies/mL.""",,"En la cohorte clínica 2023–2025 la cifra fue 97 % (118/122, p.4); el 98 % del resumen agrega los aislados.",mantener,
DIS-42,Discusión,05_discusion.tex:27,El esquema ARTIC RSV se validó en muestras clínicas,Maloney_2025,OK,Maloney_2025 p.4,"""Here we detail the development and validation of novel RSV A and RSV B tiled amplicon primer schemes to sequence clinical samples here in Scotland and describe the efficacy of these primers in a range of different labs around the world.""",,,mantener,
DIS-43,Discusión,05_discusion.tex:27,Le et al. secuenciaron RSV en aguas residuales de Düsseldorf con Oxford Nanopore,Le_2025,OK,Le_2025 p.1;Le_2025 p.8,"""243 RSV isolates from 2008 to 2025 and wastewater samples from 2023/2024 were amplified in a multiplex tiling PCR ... and sequenced with Oxford Nanopore Technologies."" | ""Wastewater samples were collected from the Düsseldorf-Süd wastewater treatment plant""",,,mantener,
DIS-44,Discusión,05_discusion.tex:27,El RSV es envuelto y su recuperación desde aguas residuales es baja; en partículas lentivirales la eficiencia cae del 71 al 17 % frente al ARN libre,ToribioAvedillo_2024,OK,ToribioAvedillo_2024 p.1;ToribioAvedillo_2024 p.5,"""Recovery efficiencies for both free IV and RSV RNA were 60 % in sludge, and 75 % and 71 % respectively in wastewater, whereas the values for IV and RSV RNA in lentiviral particles were 16 % and 10 % in sludge and 21 % and 17 % in wastewater respectively.""",,Cifras en agua residual con el método de adsorción-precipitación con hidróxido de aluminio; en lodo fueron 60 % y 10 %.,mantener,
DIS-45,Discusión,05_discusion.tex:27,El ARN de RSV en la fracción sólida supera en 3 a 4 órdenes de magnitud a la concentración de la fracción líquida,RoldanHernandez_2023,OK,RoldanHernandez_2023 p.1,"""In both experiments, RNA concentrations were higher in the solid fraction than the liquid fraction by approximately 3−4 orders of magnitude.""",,"El dato se aplica a los cuatro virus estudiados (SARS-CoV-2, RSV, RV, MS2), no solo al RSV.",mantener,
DIS-46,Discusión,05_discusion.tex:27,"Hughes et al. correlacionaron el ARN de RSV en sólidos sedimentados con la positividad clínica (Kendall 0,65–0,77)",Hughes_2022,OK,Hughes_2022 p.1;Hughes_2022 p.4,"""its concentration in settled solids is strongly associated (Kendalls tau = 0.65−0.77, p < 10−7) with clinical positivity rates for RSV at sentinel laboratories across the state in 2021""",,"Dos plantas de California (tau 0,77 RWF; 0,65 SVCW).",mantener,
DIS-47,Discusión,05_discusion.tex:27,Zulli et al. midieron RSV en sólidos de 176 plantas de tratamiento,Zulli_2024,OK,Zulli_2024 p.1;Zulli_2024 p.6,"""We measured RSV RNA concentrations in wastewater solids from 176 sites during the 2022−2023 RSV season"" | ""wastewater data were available from 176 WWTPs in 34 states""",,,mantener,
DIS-48,Discusión,05_discusion.tex:27,Los métodos de enriquecimiento y extracción resultaron determinantes para la recuperación del virus,Geissler_2025,PARCIAL,Geissler_2025 p.1,"""For procedure optimization, virus enrichment and RNA extraction methods were found to be of relevance. Conversely, the detection step was identified to have a relatively low influence.""",,"Los métodos sí influyen, pero la fuente dice que son «of relevance», un calificativo más débil que «determinantes».",corregir,lote3b
DIS-49,Discusión,05_discusion.tex:27,"Vigilancia de ocho plantas del sureste de Alemania: RSV-A en el 32,6 % y RSV-B en el 2,4 % de las muestras de influente",Geissler_2025,OK,Geissler_2025 p.1;Geissler_2025 p.4,"""24 h composite samples from eight wastewater treatment plants (WWTP) in southeast Germany (2x/week) were analyzed (January 2024 to December 2024) ... 32.6% (RSV-A) and 2.4% (RSV-B)""",,,mantener,
DIS-50,Discusión,05_discusion.tex:31,"Al secuenciar SARS-CoV-2 por Nanopore, la cobertura tuvo una mediana del 94 % con ARN fresco y del 88 % con extracto congelado, sin diferencia significativa",Barbe_2022,OK,Barbe_2022 p.5,"""Best coverage percentages were obtained starting from freshly prepared RNA extracts with a median of 94% ranging from 51 to 100% at depth 30 (Figure 2). When using frozen RNA extracts ... genome coverage percentages were reduced to 88% ... but this difference was not statistically significant""",,Cobertura a profundidad 30x.,mantener,
DIS-51,Discusión,05_discusion.tex:31,...pero cayó al 55 % a partir de agua residual congelada (la vía que más redujo la cobertura),Barbe_2022,OK,Barbe_2022 p.5,"""The use of frozen wastewater samples had a significant impact causing a strong coverage decrease and an increase in distribution heterogeneity (p < 0.0001 and p < 0.01 when compared to fresh and frozen RNA respectively), with a median of 55% ranging from 3 to 100%""",,Agua residual guardada a −20 °C hasta más de 1 año (p.2).,mantener,
DIS-52,Discusión,05_discusion.tex:31,MejiaCalle ligó el rendimiento del muestreo pasivo en la PTAR Quitumbe a la integridad del ARN y la eficiencia de recuperación,MejiaCalle_2024,OK,MejiaCalle_2024 p.61;MejiaCalle_2024 p.62,"""this approach improves virus recovery by reducing RNA dilution"" | ""The need to process samples immediately after device deployment to prevent RNA degradation is critical.""",,La recuperación aparece como ventaja del método y la degradación del ARN como limitación.,mantener,
DIS-53,Discusión,05_discusion.tex:31,La congelación y el calentamiento de las aguas residuales degradan los ácidos nucleicos virales,Parkins_2023,OK,Parkins_2023 p.9;Parkins_2023 p.11,"""several studies have documented nucleic acid degradation of SARS-CoV-2 and other viruses associated with both freezing and warming of wastewater (107, 108)"" | ""both freezing and elevated temperatures can dramatically decrease recovery of SARS-CoV-2 RNA (127, 128)""",,,mantener,
DIS-54,Discusión,05_discusion.tex:33,Zambrana et al. remidieron RSV y PMMoV en sólidos de aguas residuales conservados a −80 °C hasta 700 días con dos ciclos de congelación-descongelación,Zambrana_2024,PARCIAL,Zambrana_2024 p.6,"""RNA extracts were immediately processed (no storage or freeze-thaw) for quantification of BCoV, PMMoV, and total RSV (RSV A + RSV B). Additional aliquots of RNA extracts were stored at −80°C (for 0–700 days) and later subjected to two freeze-thaw cycles for RSV A and RSV B measurements.""",,"Los −80 °C, los 700 días y los dos ciclos se sostienen, pero lo almacenado fueron extractos de ARN de los sólidos, no los sólidos; el RSV almacenado se midió como RSV A + RSV B.",corregir,lote1
DIS-55,Discusión,05_discusion.tex:33,"Los valores almacenados fueron significativamente distintos de los frescos (Kruskal-Wallis, RSV P=1,6×10^-3; PMMoV P=1,7×10^-10)",Zambrana_2024,OK,Zambrana_2024 p.7,"""fresh sample measurements for both RSV and PMMoV were significantly different from those measurements in stored samples (Kruskal–Wallis test, RSV comparison P = 1.60 × 10−3; PMMoV comparison P = 1.69 × 10−10)""",,,mantener,
DIS-56,Discusión,05_discusion.tex:33,"El RSV se movió menos de un orden de magnitud (razón almacenado/fresco 1,29) y el PMMoV descendió a 0,40",Zambrana_2024,OK,Zambrana_2024 p.7,"""The median ratios of RSV and PMMoV in stored to fresh samples were 1.29 (IQR = 0.62, n = 240) and 0.40 (IQR = 0.41, n = 30), respectively. Although the ratios show less than an order of magnitude difference""",,"Para la fuente, la diferencia es menor a un orden de magnitud en ambos marcadores, no solo en el RSV.",mantener,
